date,amount,price,symbol
2016-08-19,-208.0,95.87,nflx
2016-08-19,-26.0,757.31,amzn
2016-08-19,-161.0,123.56,fb
2016-08-19,182.0,109.36,aapl
2016-08-19,-25.0,799.65,googl
2016-08-22,26.0,759.48,amzn
2016-08-22,26.0,759.48,amzn
2016-08-22,161.0,124.15,fb
2016-08-22,161.0,124.15,fb
2016-08-22,-182.0,108.51,aapl
2016-08-22,-184.0,108.51,aapl
2016-08-23,208.0,95.94,nflx
2016-08-23,208.0,95.94,nflx
2016-08-23,184.0,108.85,aapl
2016-08-23,183.0,108.85,aapl
2016-08-24,-208.0,95.18,nflx
2016-08-24,-210.0,95.18,nflx
2016-08-24,-26.0,757.25,amzn
2016-08-24,-26.0,757.25,amzn
2016-08-24,-161.0,123.48,fb
2016-08-24,-162.0,123.48,fb
2016-08-24,-183.0,108.03,aapl
2016-08-24,-185.0,108.03,aapl
2016-08-25,210.0,97.32,nflx
2016-08-25,204.0,97.32,nflx
2016-08-25,26.0,759.22,amzn
2016-08-25,26.0,759.22,amzn
2016-08-25,162.0,123.89,fb
2016-08-25,160.0,123.89,fb
2016-08-26,25.0,793.22,googl
2016-08-26,25.0,793.22,googl
2016-08-29,-204.0,97.3,nflx
2016-08-29,-206.0,97.3,nflx
2016-08-30,206.0,97.45,nflx
2016-08-30,206.0,97.45,nflx
2016-08-30,-26.0,767.58,amzn
2016-08-30,-26.0,767.58,amzn
2016-08-30,-160.0,125.84,fb
2016-08-30,-159.0,125.84,fb
2016-08-30,-25.0,791.92,googl
2016-08-30,-25.0,791.92,googl
2016-08-31,26.0,769.16,amzn
2016-08-31,26.0,769.16,amzn
2016-08-31,159.0,126.12,fb
2016-08-31,158.0,126.12,fb
2016-08-31,185.0,106.1,aapl
2016-08-31,188.0,106.1,aapl
2016-09-01,-206.0,97.38,nflx
2016-09-01,-205.0,97.38,nflx
2016-09-01,25.0,791.4,googl
2016-09-01,25.0,791.4,googl
2016-09-06,205.0,100.09,nflx
2016-09-06,201.0,100.09,nflx
2016-09-06,-188.0,107.7,aapl
2016-09-06,-187.0,107.7,aapl
2016-09-07,-201.0,99.15,nflx
2016-09-07,-206.0,99.15,nflx
2016-09-07,-26.0,784.48,amzn
2016-09-07,-26.0,784.48,amzn
2016-09-07,187.0,108.36,aapl
2016-09-07,189.0,108.36,aapl
2016-09-07,-25.0,807.99,googl
2016-09-07,-25.0,807.99,googl
2016-09-08,206.0,99.66,nflx
2016-09-08,205.0,99.66,nflx
2016-09-08,-158.0,130.27,fb
2016-09-08,-157.0,130.27,fb
2016-09-08,-189.0,105.52,aapl
2016-09-08,-194.0,105.52,aapl
2016-09-09,-205.0,96.5,nflx
2016-09-09,-211.0,96.5,nflx
2016-09-12,211.0,99.05,nflx
2016-09-12,200.0,99.05,nflx
2016-09-12,26.0,771.49,amzn
2016-09-12,25.0,771.49,amzn
2016-09-12,157.0,128.69,fb
2016-09-12,154.0,128.69,fb
2016-09-12,194.0,105.44,aapl
2016-09-12,188.0,105.44,aapl
2016-09-12,25.0,798.82,googl
2016-09-12,24.0,798.82,googl
2016-09-13,-200.0,96.09,nflx
2016-09-13,-210.0,96.09,nflx
2016-09-13,-25.0,761.01,amzn
2016-09-13,-26.0,761.01,amzn
2016-09-13,-154.0,127.21,fb
2016-09-13,-158.0,127.21,fb
2016-09-13,-24.0,788.72,googl
2016-09-13,-25.0,788.72,googl
2016-09-14,210.0,97.01,nflx
2016-09-14,206.0,97.01,nflx
2016-09-14,26.0,761.09,amzn
2016-09-14,26.0,761.09,amzn
2016-09-14,158.0,127.77,fb
2016-09-14,156.0,127.77,fb
2016-09-14,25.0,790.46,googl
2016-09-14,25.0,790.46,googl
2016-09-16,-188.0,114.92,aapl
2016-09-16,-178.0,114.92,aapl
2016-09-16,-25.0,797.97,googl
2016-09-16,-25.0,797.97,googl
2016-09-19,-206.0,98.06,nflx
2016-09-19,-210.0,98.06,nflx
2016-09-19,-26.0,775.1,amzn
2016-09-19,-26.0,775.1,amzn
2016-09-19,-156.0,128.65,fb
2016-09-19,-160.0,128.65,fb
2016-09-20,210.0,98.25,nflx
2016-09-20,208.0,98.25,nflx
2016-09-20,26.0,780.22,amzn
2016-09-20,26.0,780.22,amzn
2016-09-20,25.0,799.78,googl
2016-09-20,25.0,799.78,googl
2016-09-21,-208.0,94.88,nflx
2016-09-21,-216.0,94.88,nflx
2016-09-21,160.0,129.94,fb
2016-09-21,158.0,129.94,fb
2016-09-22,216.0,95.83,nflx
2016-09-22,214.0,95.83,nflx
2016-09-22,178.0,114.62,aapl
2016-09-22,179.0,114.62,aapl
2016-09-23,-158.0,127.96,fb
2016-09-23,-162.0,127.96,fb
2016-09-23,-179.0,112.71,aapl
2016-09-23,-184.0,112.71,aapl
2016-09-23,-25.0,814.96,googl
2016-09-23,-25.0,814.96,googl
2016-09-26,-214.0,94.56,nflx
2016-09-26,-218.0,94.56,nflx
2016-09-26,-26.0,799.16,amzn
2016-09-26,-25.0,799.16,amzn
2016-09-26,184.0,112.88,aapl
2016-09-26,182.0,112.88,aapl
2016-09-27,218.0,97.07,nflx
2016-09-27,210.0,97.07,nflx
2016-09-27,25.0,816.11,amzn
2016-09-27,25.0,816.11,amzn
2016-09-27,162.0,128.69,fb
2016-09-27,158.0,128.69,fb
2016-09-27,25.0,810.73,googl
2016-09-27,25.0,810.73,googl
2016-09-28,-25.0,810.06,googl
2016-09-28,-25.0,810.06,googl
2016-09-29,-210.0,96.67,nflx
2016-09-29,-215.0,96.67,nflx
2016-09-29,-158.0,128.09,fb
2016-09-29,-162.0,128.09,fb
2016-09-29,-182.0,112.18,aapl
2016-09-29,-185.0,112.18,aapl
2016-09-30,215.0,98.55,nflx
2016-09-30,209.0,98.55,nflx
2016-09-30,162.0,128.27,fb
2016-09-30,161.0,128.27,fb
2016-09-30,185.0,113.05,aapl
2016-09-30,183.0,113.05,aapl
2016-09-30,25.0,804.06,googl
2016-09-30,25.0,804.06,googl
2016-10-03,-25.0,836.74,amzn
2016-10-03,-24.0,836.74,amzn
2016-10-03,-183.0,112.52,aapl
2016-10-03,-185.0,112.52,aapl
2016-10-03,-25.0,800.38,googl
2016-10-03,-26.0,800.38,googl
2016-10-04,-209.0,102.34,nflx
2016-10-04,-205.0,102.34,nflx
2016-10-04,-161.0,128.19,fb
2016-10-04,-163.0,128.19,fb
2016-10-04,185.0,113.0,aapl
2016-10-04,185.0,113.0,aapl
2016-10-04,26.0,802.79,googl
2016-10-04,26.0,802.79,googl
2016-10-05,205.0,106.28,nflx
2016-10-05,197.0,106.28,nflx
2016-10-05,24.0,844.36,amzn
2016-10-05,24.0,844.36,amzn
2016-10-05,163.0,128.47,fb
2016-10-05,163.0,128.47,fb
2016-10-05,-26.0,801.23,googl
2016-10-05,-26.0,801.23,googl
2016-10-06,-197.0,105.07,nflx
2016-10-06,-201.0,105.07,nflx
2016-10-06,-24.0,841.66,amzn
2016-10-06,-25.0,841.66,amzn
2016-10-06,26.0,803.08,googl
2016-10-06,26.0,803.08,googl
2016-10-07,-26.0,800.71,googl
2016-10-07,-26.0,800.71,googl
2016-10-10,25.0,841.71,amzn
2016-10-10,25.0,841.71,amzn
2016-10-10,26.0,814.17,googl
2016-10-10,26.0,814.17,googl
2016-10-11,-25.0,831.0,amzn
2016-10-11,-25.0,831.0,amzn
2016-10-11,-163.0,128.88,fb
2016-10-11,-165.0,128.88,fb
2016-10-11,-26.0,809.57,googl
2016-10-11,-26.0,809.57,googl
2016-10-12,25.0,834.09,amzn
2016-10-12,25.0,834.09,amzn
2016-10-12,165.0,129.05,fb
2016-10-12,163.0,129.05,fb
2016-10-12,26.0,811.77,googl
2016-10-12,25.0,811.77,googl
2016-10-13,201.0,100.23,nflx
2016-10-13,210.0,100.23,nflx
2016-10-13,-25.0,829.28,amzn
2016-10-13,-25.0,829.28,amzn
2016-10-13,-163.0,127.82,fb
2016-10-13,-165.0,127.82,fb
2016-10-13,-185.0,116.98,aapl
2016-10-13,-180.0,116.98,aapl
2016-10-13,-25.0,804.08,googl
2016-10-13,-26.0,804.08,googl
2016-10-14,165.0,127.88,fb
2016-10-14,164.0,127.88,fb
2016-10-14,180.0,117.63,aapl
2016-10-14,178.0,117.63,aapl
2016-10-14,26.0,804.6,googl
2016-10-14,26.0,804.6,googl
2016-10-17,-210.0,99.8,nflx
2016-10-17,-211.0,99.8,nflx
2016-10-17,-164.0,127.54,fb
2016-10-17,-165.0,127.54,fb
2016-10-17,-178.0,117.55,aapl
2016-10-17,-179.0,117.55,aapl
2016-10-18,211.0,118.79,nflx
2016-10-18,176.0,118.79,nflx
2016-10-18,25.0,817.65,amzn
2016-10-18,25.0,817.65,amzn
2016-10-18,165.0,128.57,fb
2016-10-18,162.0,128.57,fb
2016-10-20,-25.0,810.32,amzn
2016-10-20,-27.0,810.32,amzn
2016-10-20,-162.0,130.0,fb
2016-10-20,-169.0,130.0,fb
2016-10-20,-26.0,821.63,googl
2016-10-20,-26.0,821.63,googl
2016-10-21,27.0,818.99,amzn
2016-10-21,26.0,818.99,amzn
2016-10-21,169.0,132.07,fb
2016-10-21,166.0,132.07,fb
2016-10-21,26.0,824.06,googl
2016-10-21,26.0,824.06,googl
2016-10-24,-176.0,127.33,nflx
2016-10-24,-175.0,127.33,nflx
2016-10-24,179.0,117.65,aapl
2016-10-24,189.0,117.65,aapl
2016-10-25,-26.0,835.18,amzn
2016-10-25,-26.0,835.18,amzn
2016-10-25,-166.0,132.29,fb
2016-10-25,-170.0,132.29,fb
2016-10-25,-26.0,828.55,googl
2016-10-25,-27.0,828.55,googl
2016-10-26,175.0,126.97,nflx
2016-10-26,176.0,126.97,nflx
2016-10-26,-189.0,115.59,aapl
2016-10-26,-194.0,115.59,aapl
2016-10-27,-176.0,126.47,nflx
2016-10-27,-175.0,126.47,nflx
2016-10-28,175.0,126.57,nflx
2016-10-28,174.0,126.57,nflx
2016-10-28,170.0,131.29,fb
2016-10-28,168.0,131.29,fb
2016-10-28,27.0,819.56,googl
2016-10-28,26.0,819.56,googl
2016-10-31,-174.0,124.87,nflx
2016-10-31,-175.0,124.87,nflx
2016-10-31,26.0,789.82,amzn
2016-10-31,27.0,789.82,amzn
2016-10-31,-168.0,130.99,fb
2016-10-31,-167.0,130.99,fb
2016-10-31,-26.0,809.9,googl
2016-10-31,-27.0,809.9,googl
2016-11-01,-27.0,785.41,amzn
2016-11-01,-27.0,785.41,amzn
2016-11-02,194.0,111.59,aapl
2016-11-02,193.0,111.59,aapl
2016-11-03,27.0,767.03,amzn
2016-11-03,27.0,767.03,amzn
2016-11-03,-193.0,109.83,aapl
2016-11-03,-193.0,109.83,aapl
2016-11-04,-27.0,755.05,amzn
2016-11-04,-27.0,755.05,amzn
2016-11-04,167.0,120.75,fb
2016-11-04,173.0,120.75,fb
2016-11-07,175.0,124.58,nflx
2016-11-07,167.0,124.58,nflx
2016-11-07,27.0,784.93,amzn
2016-11-07,26.0,784.93,amzn
2016-11-07,193.0,110.41,aapl
2016-11-07,188.0,110.41,aapl
2016-11-07,27.0,802.03,googl
2016-11-07,26.0,802.03,googl
2016-11-08,-167.0,124.34,nflx
2016-11-08,-171.0,124.34,nflx
2016-11-09,-26.0,771.88,amzn
2016-11-09,-27.0,771.88,amzn
2016-11-09,-173.0,123.18,fb
2016-11-09,-174.0,123.18,fb
2016-11-09,-188.0,110.88,aapl
2016-11-09,-193.0,110.88,aapl
2016-11-09,-26.0,805.59,googl
2016-11-09,-26.0,805.59,googl
2016-11-11,193.0,108.43,aapl
2016-11-11,189.0,108.43,aapl
2016-11-14,-189.0,105.71,aapl
2016-11-14,-193.0,105.71,aapl
2016-11-15,171.0,113.59,nflx
2016-11-15,175.0,113.59,nflx
2016-11-15,27.0,743.24,amzn
2016-11-15,26.0,743.24,amzn
2016-11-15,174.0,117.2,fb
2016-11-15,169.0,117.2,fb
2016-11-15,193.0,107.11,aapl
2016-11-15,185.0,107.11,aapl
2016-11-15,26.0,775.16,googl
2016-11-15,25.0,775.16,googl
2016-11-16,-169.0,116.34,fb
2016-11-16,-174.0,116.34,fb
2016-11-17,-175.0,115.03,nflx
2016-11-17,-177.0,115.03,nflx
2016-11-17,174.0,117.79,fb
2016-11-17,173.0,117.79,fb
2016-11-17,-185.0,109.95,aapl
2016-11-17,-186.0,109.95,aapl
2016-11-18,177.0,115.21,nflx
2016-11-18,178.0,115.21,nflx
2016-11-18,-173.0,117.02,fb
2016-11-18,-176.0,117.02,fb
2016-11-18,186.0,110.06,aapl
2016-11-18,187.0,110.06,aapl
2016-11-18,-25.0,775.97,googl
2016-11-18,-26.0,775.97,googl
2016-11-21,176.0,121.77,fb
2016-11-21,168.0,121.77,fb
2016-11-21,26.0,784.8,googl
2016-11-21,26.0,784.8,googl
2016-11-22,-168.0,121.47,fb
2016-11-22,-173.0,121.47,fb
2016-11-23,-178.0,117.69,nflx
2016-11-23,-178.0,117.69,nflx
2016-11-23,-26.0,780.12,amzn
2016-11-23,-26.0,780.12,amzn
2016-11-23,-187.0,111.23,aapl
2016-11-23,-189.0,111.23,aapl
2016-11-23,-26.0,779.0,googl
2016-11-23,-27.0,779.0,googl
2016-11-25,26.0,780.37,amzn
2016-11-25,26.0,780.37,amzn
2016-11-25,189.0,111.79,aapl
2016-11-25,187.0,111.79,aapl
2016-11-25,27.0,780.23,googl
2016-11-25,26.0,780.23,googl
2016-11-28,-26.0,766.77,amzn
2016-11-28,-27.0,766.77,amzn
2016-11-28,173.0,120.41,fb
2016-11-28,173.0,120.41,fb
2016-11-28,-187.0,111.57,aapl
2016-11-28,-187.0,111.57,aapl
2016-11-29,178.0,117.51,nflx
2016-11-29,177.0,117.51,nflx
2016-11-30,-177.0,117.0,nflx
2016-11-30,-178.0,117.0,nflx
2016-11-30,-173.0,118.42,fb
2016-11-30,-176.0,118.42,fb
2016-11-30,-26.0,775.88,googl
2016-11-30,-26.0,775.88,googl
2016-12-01,178.0,117.22,nflx
2016-12-01,175.0,117.22,nflx
2016-12-02,176.0,115.4,fb
2016-12-02,176.0,115.4,fb
2016-12-02,187.0,109.9,aapl
2016-12-02,185.0,109.9,aapl
2016-12-02,26.0,764.46,googl
2016-12-02,26.0,764.46,googl
2016-12-05,-175.0,119.16,nflx
2016-12-05,-172.0,119.16,nflx
2016-12-05,27.0,759.36,amzn
2016-12-05,27.0,759.36,amzn
2016-12-05,-185.0,109.11,aapl
2016-12-05,-188.0,109.11,aapl
2016-12-06,172.0,124.57,nflx
2016-12-06,165.0,124.57,nflx
2016-12-06,-176.0,117.31,fb
2016-12-06,-176.0,117.31,fb
2016-12-06,188.0,109.95,aapl
2016-12-06,188.0,109.95,aapl
2016-12-06,-26.0,776.18,googl
2016-12-06,-26.0,776.18,googl
2016-12-07,176.0,117.95,fb
2016-12-07,177.0,117.95,fb
2016-12-07,26.0,791.47,googl
2016-12-07,26.0,791.47,googl
2016-12-08,-165.0,123.24,nflx
2016-12-08,-171.0,123.24,nflx
2016-12-08,-27.0,767.33,amzn
2016-12-08,-27.0,767.33,amzn
2016-12-09,27.0,768.66,amzn
2016-12-09,27.0,768.66,amzn
2016-12-12,-27.0,760.12,amzn
2016-12-12,-27.0,760.12,amzn
2016-12-12,-177.0,117.77,fb
2016-12-12,-180.0,117.77,fb
2016-12-12,-188.0,113.3,aapl
2016-12-12,-187.0,113.3,aapl
2016-12-12,-26.0,807.9,googl
2016-12-12,-26.0,807.9,googl
2016-12-13,171.0,123.78,nflx
2016-12-13,170.0,123.78,nflx
2016-12-13,27.0,774.34,amzn
2016-12-13,27.0,774.34,amzn
2016-12-13,180.0,120.31,fb
2016-12-13,175.0,120.31,fb
2016-12-13,187.0,115.19,aapl
2016-12-13,183.0,115.19,aapl
2016-12-13,26.0,815.34,googl
2016-12-13,25.0,815.34,googl
2016-12-14,-170.0,123.44,nflx
2016-12-14,-173.0,123.44,nflx
2016-12-14,-27.0,768.82,amzn
2016-12-14,-27.0,768.82,amzn
2016-12-14,-175.0,120.21,fb
2016-12-14,-178.0,120.21,fb
2016-12-15,173.0,125.0,nflx
2016-12-15,171.0,125.0,nflx
2016-12-15,178.0,120.57,fb
2016-12-15,177.0,120.57,fb
2016-12-15,-25.0,815.65,googl
2016-12-15,-26.0,815.65,googl
2016-12-16,-171.0,124.22,nflx
2016-12-16,-172.0,124.22,nflx
2016-12-16,-177.0,119.87,fb
2016-12-16,-178.0,119.87,fb
2016-12-19,172.0,125.45,nflx
2016-12-19,170.0,125.45,nflx
2016-12-19,27.0,766.0,amzn
2016-12-19,27.0,766.0,amzn
2016-12-19,26.0,812.5,googl
2016-12-19,26.0,812.5,googl
2016-12-20,-170.0,125.12,nflx
2016-12-20,-171.0,125.12,nflx
2016-12-21,171.0,126.5,nflx
2016-12-21,169.0,126.5,nflx
2016-12-21,-27.0,770.6,amzn
2016-12-21,-27.0,770.6,amzn
2016-12-21,-26.0,812.2,googl
2016-12-21,-26.0,812.2,googl
2016-12-22,-169.0,125.58,nflx
2016-12-22,-171.0,125.58,nflx
2016-12-22,-183.0,116.29,aapl
2016-12-22,-185.0,116.29,aapl
2016-12-23,171.0,125.59,nflx
2016-12-23,170.0,125.59,nflx
2016-12-23,185.0,116.52,aapl
2016-12-23,183.0,116.52,aapl
2016-12-27,27.0,771.4,amzn
2016-12-27,27.0,771.4,amzn
2016-12-27,178.0,118.01,fb
2016-12-27,180.0,118.01,fb
2016-12-27,26.0,809.93,googl
2016-12-27,26.0,809.93,googl
2016-12-28,-170.0,125.89,nflx
2016-12-28,-171.0,125.89,nflx
2016-12-28,-180.0,116.92,fb
2016-12-28,-184.0,116.92,fb
2016-12-28,-183.0,116.76,aapl
2016-12-28,-184.0,116.76,aapl
2016-12-28,-26.0,804.57,googl
2016-12-28,-26.0,804.57,googl
2016-12-29,-27.0,765.15,amzn
2016-12-29,-27.0,765.15,amzn
2017-01-03,171.0,127.49,nflx
2017-01-03,164.0,127.49,nflx
2017-01-03,27.0,753.67,amzn
2017-01-03,27.0,753.67,amzn
2017-01-03,184.0,116.86,fb
2017-01-03,179.0,116.86,fb
2017-01-03,184.0,116.15,aapl
2017-01-03,181.0,116.15,aapl
2017-01-03,26.0,808.01,googl
2017-01-03,26.0,808.01,googl
2017-01-04,-181.0,116.02,aapl
2017-01-04,-183.0,116.02,aapl
2017-01-04,-26.0,807.77,googl
2017-01-04,-26.0,807.77,googl
2017-01-05,183.0,116.61,aapl
2017-01-05,184.0,116.61,aapl
2017-01-05,26.0,813.02,googl
2017-01-05,26.0,813.02,googl
2017-01-06,-164.0,131.07,nflx
2017-01-06,-166.0,131.07,nflx
2017-01-10,-27.0,795.9,amzn
2017-01-10,-27.0,795.9,amzn
2017-01-10,-179.0,124.35,fb
2017-01-10,-178.0,124.35,fb
2017-01-10,-26.0,826.01,googl
2017-01-10,-26.0,826.01,googl
2017-01-11,166.0,130.5,nflx
2017-01-11,169.0,130.5,nflx
2017-01-11,27.0,799.02,amzn
2017-01-11,27.0,799.02,amzn
2017-01-11,178.0,126.09,fb
2017-01-11,175.0,126.09,fb
2017-01-11,26.0,829.86,googl
2017-01-11,26.0,829.86,googl
2017-01-12,-169.0,129.18,nflx
2017-01-12,-172.0,129.18,nflx
2017-01-12,-184.0,119.25,aapl
2017-01-12,-186.0,119.25,aapl
2017-01-12,-26.0,829.53,googl
2017-01-12,-26.0,829.53,googl
2017-01-13,172.0,133.7,nflx
2017-01-13,166.0,133.7,nflx
2017-01-13,26.0,830.94,googl
2017-01-13,26.0,830.94,googl
2017-01-17,-166.0,132.89,nflx
2017-01-17,-169.0,132.89,nflx
2017-01-17,-27.0,809.72,amzn
2017-01-17,-27.0,809.72,amzn
2017-01-17,-175.0,127.87,fb
2017-01-17,-176.0,127.87,fb
2017-01-17,186.0,120.0,aapl
2017-01-17,187.0,120.0,aapl
2017-01-17,-26.0,827.46,googl
2017-01-17,-27.0,827.46,googl
2017-01-18,169.0,133.26,nflx
2017-01-18,168.0,133.26,nflx
2017-01-18,176.0,127.92,fb
2017-01-18,175.0,127.92,fb
2017-01-18,-187.0,119.99,aapl
2017-01-18,-187.0,119.99,aapl
2017-01-18,27.0,829.02,googl
2017-01-18,27.0,829.02,googl
2017-01-19,27.0,809.04,amzn
2017-01-19,27.0,809.04,amzn
2017-01-19,-175.0,127.55,fb
2017-01-19,-176.0,127.55,fb
2017-01-19,-27.0,824.37,googl
2017-01-19,-27.0,824.37,googl
2017-01-20,-27.0,808.33,amzn
2017-01-20,-27.0,808.33,amzn
2017-01-20,187.0,120.0,aapl
2017-01-20,188.0,120.0,aapl
2017-01-20,27.0,828.17,googl
2017-01-20,27.0,828.17,googl
2017-01-23,-168.0,137.39,nflx
2017-01-23,-164.0,137.39,nflx
2017-01-23,27.0,817.88,amzn
2017-01-23,27.0,817.88,amzn
2017-01-23,176.0,128.93,fb
2017-01-23,175.0,128.93,fb
2017-01-24,164.0,140.11,nflx
2017-01-24,162.0,140.11,nflx
2017-01-24,-188.0,119.97,aapl
2017-01-24,-189.0,119.97,aapl
2017-01-25,-162.0,139.52,nflx
2017-01-25,-164.0,139.52,nflx
2017-01-25,189.0,121.88,aapl
2017-01-25,188.0,121.88,aapl
2017-01-26,-27.0,856.98,googl
2017-01-26,-27.0,856.98,googl
2017-01-27,164.0,142.45,nflx
2017-01-27,163.0,142.45,nflx
2017-01-27,-27.0,835.77,amzn
2017-01-27,-27.0,835.77,amzn
2017-01-27,-175.0,132.18,fb
2017-01-27,-175.0,132.18,fb
2017-01-30,-163.0,141.22,nflx
2017-01-30,-164.0,141.22,nflx
2017-01-30,-188.0,121.63,aapl
2017-01-30,-191.0,121.63,aapl
2017-02-01,164.0,140.78,nflx
2017-02-01,162.0,140.78,nflx
2017-02-01,27.0,832.35,amzn
2017-02-01,27.0,832.35,amzn
2017-02-01,175.0,133.23,fb
2017-02-01,171.0,133.23,fb
2017-02-01,191.0,128.75,aapl
2017-02-01,177.0,128.75,aapl
2017-02-02,-162.0,139.2,nflx
2017-02-02,-167.0,139.2,nflx
2017-02-02,-171.0,130.84,fb
2017-02-02,-178.0,130.84,fb
2017-02-02,-177.0,128.53,aapl
2017-02-02,-181.0,128.53,aapl
2017-02-02,27.0,818.26,googl
2017-02-02,28.0,818.26,googl
2017-02-03,167.0,140.25,nflx
2017-02-03,165.0,140.25,nflx
2017-02-03,-27.0,810.2,amzn
2017-02-03,-28.0,810.2,amzn
2017-02-03,178.0,130.98,fb
2017-02-03,177.0,130.98,fb
2017-02-03,181.0,129.08,aapl
2017-02-03,179.0,129.08,aapl
2017-02-07,28.0,812.5,amzn
2017-02-07,28.0,812.5,amzn
2017-02-07,-177.0,131.84,fb
2017-02-07,-176.0,131.84,fb
2017-02-08,176.0,134.2,fb
2017-02-08,174.0,134.2,fb
2017-02-09,-165.0,144.14,nflx
2017-02-09,-163.0,144.14,nflx
2017-02-09,-174.0,134.14,fb
2017-02-09,-175.0,134.14,fb
2017-02-10,163.0,144.82,nflx
2017-02-10,162.0,144.82,nflx
2017-02-10,175.0,134.19,fb
2017-02-10,175.0,134.19,fb
2017-02-10,-179.0,132.12,aapl
2017-02-10,-178.0,132.12,aapl
2017-02-13,-162.0,143.2,nflx
2017-02-13,-165.0,143.2,nflx
2017-02-13,-175.0,134.05,fb
2017-02-13,-176.0,134.05,fb
2017-02-13,178.0,133.29,aapl
2017-02-13,177.0,133.29,aapl
2017-02-14,-28.0,836.39,amzn
2017-02-14,-28.0,836.39,amzn
2017-02-15,165.0,142.27,nflx
2017-02-15,166.0,142.27,nflx
2017-02-15,28.0,842.7,amzn
2017-02-15,28.0,842.7,amzn
2017-02-15,-28.0,837.32,googl
2017-02-15,-28.0,837.32,googl
2017-02-16,-166.0,142.01,nflx
2017-02-16,-167.0,142.01,nflx
2017-02-16,176.0,133.84,fb
2017-02-16,177.0,133.84,fb
2017-02-16,-177.0,135.345,aapl
2017-02-16,-175.0,135.345,aapl
2017-02-16,28.0,842.17,googl
2017-02-16,28.0,842.17,googl
2017-02-17,167.0,142.22,nflx
2017-02-17,167.0,142.22,nflx
2017-02-17,-177.0,133.53,fb
2017-02-17,-178.0,133.53,fb
2017-02-17,175.0,135.72,aapl
2017-02-17,175.0,135.72,aapl
2017-02-21,178.0,133.72,fb
2017-02-21,178.0,133.72,fb
2017-02-22,-28.0,855.61,amzn
2017-02-22,-28.0,855.61,amzn
2017-02-23,-167.0,142.78,nflx
2017-02-23,-169.0,142.78,nflx
2017-02-23,-178.0,135.36,fb
2017-02-23,-178.0,135.36,fb
2017-02-23,-175.0,136.53,aapl
2017-02-23,-176.0,136.53,aapl
2017-02-23,-28.0,851.0,googl
2017-02-23,-28.0,851.0,googl
2017-02-24,169.0,143.25,nflx
2017-02-24,167.0,143.25,nflx
2017-02-24,178.0,135.44,fb
2017-02-24,177.0,135.44,fb
2017-02-24,176.0,136.66,aapl
2017-02-24,175.0,136.66,aapl
2017-02-27,28.0,848.64,amzn
2017-02-27,28.0,848.64,amzn
2017-02-27,28.0,849.67,googl
2017-02-27,28.0,849.67,googl
2017-02-28,-167.0,142.13,nflx
2017-02-28,-169.0,142.13,nflx
2017-02-28,-28.0,845.04,amzn
2017-02-28,-28.0,845.04,amzn
2017-02-28,-177.0,135.54,fb
2017-02-28,-177.0,135.54,fb
2017-02-28,-28.0,844.93,googl
2017-02-28,-28.0,844.93,googl
2017-03-01,169.0,142.65,nflx
2017-03-01,167.0,142.65,nflx
2017-03-01,28.0,853.08,amzn
2017-03-01,28.0,853.08,amzn
2017-03-01,177.0,137.42,fb
2017-03-01,174.0,137.42,fb
2017-03-01,28.0,856.75,googl
2017-03-01,27.0,856.75,googl
2017-03-02,-167.0,139.53,nflx
2017-03-02,-173.0,139.53,nflx
2017-03-02,-28.0,848.91,amzn
2017-03-02,-28.0,848.91,amzn
2017-03-02,-174.0,136.76,fb
2017-03-02,-177.0,136.76,fb
2017-03-02,-175.0,138.96,aapl
2017-03-02,-174.0,138.96,aapl
2017-03-02,-27.0,849.85,googl
2017-03-02,-28.0,849.85,googl
2017-03-03,28.0,849.88,amzn
2017-03-03,28.0,849.88,amzn
2017-03-03,177.0,137.17,fb
2017-03-03,175.0,137.17,fb
2017-03-03,174.0,139.78,aapl
2017-03-03,171.0,139.78,aapl
2017-03-06,173.0,141.94,nflx
2017-03-06,169.0,141.94,nflx
2017-03-06,-28.0,846.61,amzn
2017-03-06,-28.0,846.61,amzn
2017-03-06,-171.0,139.34,aapl
2017-03-06,-172.0,139.34,aapl
2017-03-07,-169.0,141.43,nflx
2017-03-07,-170.0,141.43,nflx
2017-03-07,-175.0,137.3,fb
2017-03-07,-175.0,137.3,fb
2017-03-07,172.0,139.52,aapl
2017-03-07,172.0,139.52,aapl
2017-03-07,28.0,851.15,googl
2017-03-07,28.0,851.15,googl
2017-03-08,28.0,850.5,amzn
2017-03-08,28.0,850.5,amzn
2017-03-08,175.0,137.72,fb
2017-03-08,175.0,137.72,fb
2017-03-08,-172.0,139.0,aapl
2017-03-08,-173.0,139.0,aapl
2017-03-09,170.0,140.53,nflx
2017-03-09,171.0,140.53,nflx
2017-03-10,-28.0,852.46,amzn
2017-03-10,-28.0,852.46,amzn
2017-03-10,173.0,139.14,aapl
2017-03-10,173.0,139.14,aapl
2017-03-13,28.0,854.59,amzn
2017-03-13,28.0,854.59,amzn
2017-03-14,-171.0,143.19,nflx
2017-03-14,-170.0,143.19,nflx
2017-03-14,-28.0,852.53,amzn
2017-03-14,-28.0,852.53,amzn
2017-03-14,-175.0,139.32,fb
2017-03-14,-175.0,139.32,fb
2017-03-14,-173.0,138.99,aapl
2017-03-14,-175.0,138.99,aapl
2017-03-15,170.0,145.25,nflx
2017-03-15,167.0,145.25,nflx
2017-03-15,28.0,852.97,amzn
2017-03-15,28.0,852.97,amzn
2017-03-15,175.0,139.72,fb
2017-03-15,174.0,139.72,fb
2017-03-15,175.0,140.46,aapl
2017-03-15,173.0,140.46,aapl
2017-03-16,-167.0,144.39,nflx
2017-03-16,-169.0,144.39,nflx
2017-03-17,169.0,145.11,nflx
2017-03-17,168.0,145.11,nflx
2017-03-17,-28.0,852.31,amzn
2017-03-17,-28.0,852.31,amzn
2017-03-17,-174.0,139.84,fb
2017-03-17,-175.0,139.84,fb
2017-03-17,-173.0,139.99,aapl
2017-03-17,-175.0,139.99,aapl
2017-03-20,28.0,856.97,amzn
2017-03-20,28.0,856.97,amzn
2017-03-20,175.0,139.94,fb
2017-03-20,175.0,139.94,fb
2017-03-20,175.0,141.46,aapl
2017-03-20,173.0,141.46,aapl
2017-03-20,-28.0,867.91,googl
2017-03-20,-28.0,867.91,googl
2017-03-21,-168.0,142.42,nflx
2017-03-21,-172.0,142.42,nflx
2017-03-21,-28.0,843.2,amzn
2017-03-21,-29.0,843.2,amzn
2017-03-21,-175.0,138.51,fb
2017-03-21,-177.0,138.51,fb
2017-03-21,-173.0,139.84,aapl
2017-03-21,-175.0,139.84,aapl
2017-03-22,172.0,142.65,nflx
2017-03-22,169.0,142.65,nflx
2017-03-22,29.0,848.06,amzn
2017-03-22,28.0,848.06,amzn
2017-03-22,177.0,139.59,fb
2017-03-22,173.0,139.59,fb
2017-03-22,175.0,141.42,aapl
2017-03-22,171.0,141.42,aapl
2017-03-23,-169.0,141.84,nflx
2017-03-23,-171.0,141.84,nflx
2017-03-23,-28.0,847.38,amzn
2017-03-23,-28.0,847.38,amzn
2017-03-23,-173.0,139.53,fb
2017-03-23,-174.0,139.53,fb
2017-03-23,-171.0,140.92,aapl
2017-03-23,-172.0,140.92,aapl
2017-03-24,171.0,142.02,nflx
2017-03-24,170.0,142.02,nflx
2017-03-24,174.0,140.34,fb
2017-03-24,172.0,140.34,fb
2017-03-27,28.0,846.82,amzn
2017-03-27,28.0,846.82,amzn
2017-03-27,-172.0,140.32,fb
2017-03-27,-172.0,140.32,fb
2017-03-27,172.0,140.88,aapl
2017-03-27,171.0,140.88,aapl
2017-03-27,28.0,838.51,googl
2017-03-27,28.0,838.51,googl
2017-03-28,172.0,141.76,fb
2017-03-28,171.0,141.76,fb
2017-03-30,-171.0,142.41,fb
2017-03-30,-174.0,142.41,fb
2017-03-30,-171.0,143.93,aapl
2017-03-30,-172.0,143.93,aapl
2017-03-30,-28.0,849.48,googl
2017-03-30,-29.0,849.48,googl
2017-03-31,-170.0,147.81,nflx
2017-03-31,-168.0,147.81,nflx
2017-04-03,174.0,142.28,fb
2017-04-03,174.0,142.28,fb
2017-04-03,172.0,143.7,aapl
2017-04-03,173.0,143.7,aapl
2017-04-03,29.0,856.75,googl
2017-04-03,29.0,856.75,googl
2017-04-04,-174.0,141.73,fb
2017-04-04,-175.0,141.73,fb
2017-04-04,-29.0,852.57,googl
2017-04-04,-29.0,852.57,googl
2017-04-05,175.0,141.85,fb
2017-04-05,175.0,141.85,fb
2017-04-05,-173.0,144.02,aapl
2017-04-05,-173.0,144.02,aapl
2017-04-06,168.0,143.74,nflx
2017-04-06,173.0,143.74,nflx
2017-04-06,-28.0,898.28,amzn
2017-04-06,-27.0,898.28,amzn
2017-04-06,-175.0,141.17,fb
2017-04-06,-176.0,141.17,fb
2017-04-07,-173.0,143.11,nflx
2017-04-07,-172.0,143.11,nflx
2017-04-10,172.0,143.85,nflx
2017-04-10,171.0,143.85,nflx
2017-04-10,27.0,907.04,amzn
2017-04-10,27.0,907.04,amzn
2017-04-10,176.0,141.04,fb
2017-04-10,174.0,141.04,fb
2017-04-11,-27.0,902.36,amzn
2017-04-11,-27.0,902.36,amzn
2017-04-11,-174.0,139.92,fb
2017-04-11,-176.0,139.92,fb
2017-04-12,-171.0,143.83,nflx
2017-04-12,-171.0,143.83,nflx
2017-04-12,173.0,141.8,aapl
2017-04-12,173.0,141.8,aapl
2017-04-12,29.0,841.46,googl
2017-04-12,29.0,841.46,googl
2017-04-13,-173.0,141.05,aapl
2017-04-13,-174.0,141.05,aapl
2017-04-13,-29.0,840.18,googl
2017-04-13,-29.0,840.18,googl
2017-04-17,171.0,147.25,nflx
2017-04-17,166.0,147.25,nflx
2017-04-17,27.0,901.99,amzn
2017-04-17,27.0,901.99,amzn
2017-04-17,176.0,141.42,fb
2017-04-17,173.0,141.42,fb
2017-04-17,174.0,141.83,aapl
2017-04-17,172.0,141.83,aapl
2017-04-17,29.0,855.13,googl
2017-04-17,28.0,855.13,googl
2017-04-18,-166.0,143.36,nflx
2017-04-18,-173.0,143.36,nflx
2017-04-18,-173.0,140.96,fb
2017-04-18,-176.0,140.96,fb
2017-04-18,-172.0,141.2,aapl
2017-04-18,-176.0,141.2,aapl
2017-04-18,-28.0,853.99,googl
2017-04-18,-29.0,853.99,googl
2017-04-19,-27.0,899.2,amzn
2017-04-19,-27.0,899.2,amzn
2017-04-19,176.0,142.27,fb
2017-04-19,173.0,142.27,fb
2017-04-19,29.0,856.51,googl
2017-04-19,28.0,856.51,googl
2017-04-20,173.0,141.18,nflx
2017-04-20,174.0,141.18,nflx
2017-04-20,27.0,902.06,amzn
2017-04-20,27.0,902.06,amzn
2017-04-20,176.0,142.44,aapl
2017-04-20,172.0,142.44,aapl
2017-04-21,-27.0,898.53,amzn
2017-04-21,-27.0,898.53,amzn
2017-04-21,-173.0,143.68,fb
2017-04-21,-172.0,143.68,fb
2017-04-21,-172.0,142.27,aapl
2017-04-21,-174.0,142.27,aapl
2017-04-21,-28.0,858.95,googl
2017-04-21,-28.0,858.95,googl
2017-04-24,27.0,907.41,amzn
2017-04-24,27.0,907.41,amzn
2017-04-24,172.0,145.47,fb
2017-04-24,170.0,145.47,fb
2017-04-24,174.0,143.64,aapl
2017-04-24,173.0,143.64,aapl
2017-04-24,28.0,878.93,googl
2017-04-24,28.0,878.93,googl
2017-04-26,-174.0,150.17,nflx
2017-04-26,-170.0,150.17,nflx
2017-04-26,-173.0,143.6508,aapl
2017-04-26,-177.0,143.6508,aapl
2017-04-27,170.0,153.08,nflx
2017-04-27,166.0,153.08,nflx
2017-04-27,177.0,143.79,aapl
2017-04-27,177.0,143.79,aapl
2017-04-28,-166.0,152.2,nflx
2017-04-28,-168.0,152.2,nflx
2017-04-28,-177.0,143.65,aapl
2017-04-28,-178.0,143.65,aapl
2017-05-01,168.0,155.35,nflx
2017-05-01,167.0,155.35,nflx
2017-05-01,178.0,146.6,aapl
2017-05-01,177.0,146.6,aapl
2017-05-02,-27.0,946.68,amzn
2017-05-02,-27.0,946.68,amzn
2017-05-03,-167.0,155.59,nflx
2017-05-03,-170.0,155.59,nflx
2017-05-03,-170.0,151.8,fb
2017-05-03,-174.0,151.8,fb
2017-05-03,-177.0,147.06,aapl
2017-05-03,-180.0,147.06,aapl
2017-05-04,170.0,157.25,nflx
2017-05-04,168.0,157.25,nflx
2017-05-05,-168.0,156.6,nflx
2017-05-05,-169.0,156.6,nflx
2017-05-05,180.0,148.96,aapl
2017-05-05,177.0,148.96,aapl
2017-05-05,-28.0,950.28,googl
2017-05-05,-27.0,950.28,googl
2017-05-08,27.0,949.04,amzn
2017-05-08,27.0,949.04,amzn
2017-05-08,174.0,151.06,fb
2017-05-08,175.0,151.06,fb
2017-05-08,27.0,958.69,googl
2017-05-08,27.0,958.69,googl
2017-05-09,169.0,157.46,nflx
2017-05-09,170.0,157.46,nflx
2017-05-09,-175.0,150.48,fb
2017-05-09,-177.0,150.48,fb
2017-05-09,-27.0,956.71,googl
2017-05-09,-27.0,956.71,googl
2017-05-10,-27.0,948.95,amzn
2017-05-10,-28.0,948.95,amzn
2017-05-10,-177.0,153.26,aapl
2017-05-10,-175.0,153.26,aapl
2017-05-11,-170.0,158.54,nflx
2017-05-11,-169.0,158.54,nflx
2017-05-11,175.0,153.95,aapl
2017-05-11,174.0,153.95,aapl
2017-05-11,27.0,955.89,googl
2017-05-11,28.0,955.89,googl
2017-05-12,169.0,160.81,nflx
2017-05-12,166.0,160.81,nflx
2017-05-12,28.0,961.35,amzn
2017-05-12,27.0,961.35,amzn
2017-05-12,177.0,150.33,fb
2017-05-12,178.0,150.33,fb
2017-05-12,-28.0,955.14,googl
2017-05-12,-28.0,955.14,googl
2017-05-15,-166.0,160.02,nflx
2017-05-15,-169.0,160.02,nflx
2017-05-15,-27.0,957.97,amzn
2017-05-15,-28.0,957.97,amzn
2017-05-15,-178.0,150.19,fb
2017-05-15,-180.0,150.19,fb
2017-05-15,-174.0,155.7,aapl
2017-05-15,-173.0,155.7,aapl
2017-05-15,28.0,959.22,googl
2017-05-15,28.0,959.22,googl
2017-05-16,28.0,966.07,amzn
2017-05-16,27.0,966.07,amzn
2017-05-17,-27.0,944.52,amzn
2017-05-17,-28.0,944.52,amzn
2017-05-17,-28.0,942.17,googl
2017-05-17,-28.0,942.17,googl
2017-05-18,169.0,155.7,nflx
2017-05-18,168.0,155.7,nflx
2017-05-18,28.0,958.49,amzn
2017-05-18,27.0,958.49,amzn
2017-05-18,180.0,147.66,fb
2017-05-18,177.0,147.66,fb
2017-05-18,173.0,152.54,aapl
2017-05-18,172.0,152.54,aapl
2017-05-18,28.0,950.5,googl
2017-05-18,27.0,950.5,googl
2017-05-23,-177.0,148.07,fb
2017-05-23,-181.0,148.07,fb
2017-05-23,-172.0,153.8,aapl
2017-05-23,-174.0,153.8,aapl
2017-05-24,-168.0,157.75,nflx
2017-05-24,-170.0,157.75,nflx
2017-05-24,181.0,150.04,fb
2017-05-24,179.0,150.04,fb
2017-05-25,170.0,163.05,nflx
2017-05-25,166.0,163.05,nflx
2017-05-25,174.0,153.87,aapl
2017-05-25,175.0,153.87,aapl
2017-05-26,-166.0,162.43,nflx
2017-05-26,-169.0,162.43,nflx
2017-05-26,-175.0,153.61,aapl
2017-05-26,-178.0,153.61,aapl
2017-05-30,169.0,163.22,nflx
2017-05-30,168.0,163.22,nflx
2017-05-30,178.0,153.67,aapl
2017-05-30,178.0,153.67,aapl
2017-05-31,-168.0,163.07,nflx
2017-05-31,-168.0,163.07,nflx
2017-05-31,-27.0,994.62,amzn
2017-05-31,-27.0,994.62,amzn
2017-05-31,-179.0,151.46,fb
2017-05-31,-181.0,151.46,fb
2017-05-31,-178.0,152.76,aapl
2017-05-31,-180.0,152.76,aapl
2017-05-31,-27.0,987.09,googl
2017-05-31,-27.0,987.09,googl
2017-06-01,27.0,995.95,amzn
2017-06-01,27.0,995.95,amzn
2017-06-01,181.0,151.53,fb
2017-06-01,180.0,151.53,fb
2017-06-01,180.0,153.18,aapl
2017-06-01,178.0,153.18,aapl
2017-06-01,27.0,988.29,googl
2017-06-01,27.0,988.29,googl
2017-06-02,168.0,165.18,nflx
2017-06-02,166.0,165.18,nflx
2017-06-05,-166.0,165.06,nflx
2017-06-05,-168.0,165.06,nflx
2017-06-05,-178.0,153.93,aapl
2017-06-05,-180.0,153.93,aapl
2017-06-06,168.0,165.17,nflx
2017-06-06,168.0,165.17,nflx
2017-06-06,-27.0,1002.97,amzn
2017-06-06,-27.0,1002.97,amzn
2017-06-06,-180.0,152.81,fb
2017-06-06,-181.0,152.81,fb
2017-06-06,180.0,154.45,aapl
2017-06-06,179.0,154.45,aapl
2017-06-06,-27.0,996.68,googl
2017-06-06,-27.0,996.68,googl
2017-06-07,27.0,1010.07,amzn
2017-06-07,27.0,1010.07,amzn
2017-06-07,181.0,153.12,fb
2017-06-07,180.0,153.12,fb
2017-06-07,27.0,1001.59,googl
2017-06-07,27.0,1001.59,googl
2017-06-08,-27.0,1009.94,amzn
2017-06-08,-27.0,1009.94,amzn
2017-06-08,-179.0,154.99,aapl
2017-06-08,-179.0,154.99,aapl
2017-06-09,-168.0,158.03,nflx
2017-06-09,-176.0,158.03,nflx
2017-06-09,-180.0,149.63,fb
2017-06-09,-186.0,149.63,fb
2017-06-09,-27.0,970.12,googl
2017-06-09,-28.0,970.12,googl
2017-06-13,176.0,152.72,nflx
2017-06-13,172.0,152.72,nflx
2017-06-13,27.0,980.79,amzn
2017-06-13,26.0,980.79,amzn
2017-06-13,186.0,150.68,fb
2017-06-13,174.0,150.68,fb
2017-06-13,179.0,146.59,aapl
2017-06-13,179.0,146.59,aapl
2017-06-13,28.0,970.5,googl
2017-06-13,27.0,970.5,googl
2017-06-14,-172.0,152.2,nflx
2017-06-14,-175.0,152.2,nflx
2017-06-14,-26.0,976.47,amzn
2017-06-14,-27.0,976.47,amzn
2017-06-14,-174.0,150.25,fb
2017-06-14,-177.0,150.25,fb
2017-06-14,-179.0,145.16,aapl
2017-06-14,-183.0,145.16,aapl
2017-06-14,-27.0,967.93,googl
2017-06-14,-27.0,967.93,googl
2017-06-16,175.0,152.38,nflx
2017-06-16,172.0,152.38,nflx
2017-06-16,27.0,987.71,amzn
2017-06-16,26.0,987.71,amzn
2017-06-16,177.0,150.64,fb
2017-06-16,174.0,150.64,fb
2017-06-19,183.0,146.34,aapl
2017-06-19,180.0,146.34,aapl
2017-06-19,27.0,975.22,googl
2017-06-19,27.0,975.22,googl
2017-06-20,-172.0,152.05,nflx
2017-06-20,-176.0,152.05,nflx
2017-06-20,-26.0,992.59,amzn
2017-06-20,-27.0,992.59,amzn
2017-06-20,-174.0,152.25,fb
2017-06-20,-176.0,152.25,fb
2017-06-20,-180.0,145.01,aapl
2017-06-20,-185.0,145.01,aapl
2017-06-20,-27.0,968.99,googl
2017-06-20,-27.0,968.99,googl
2017-06-21,176.0,155.03,nflx
2017-06-21,172.0,155.03,nflx
2017-06-21,27.0,1002.23,amzn
2017-06-21,26.0,1002.23,amzn
2017-06-21,176.0,153.91,fb
2017-06-21,173.0,153.91,fb
2017-06-21,185.0,145.87,aapl
2017-06-21,182.0,145.87,aapl
2017-06-21,27.0,978.59,googl
2017-06-21,27.0,978.59,googl
2017-06-22,-172.0,154.89,nflx
2017-06-22,-174.0,154.89,nflx
2017-06-22,-26.0,1001.3,amzn
2017-06-22,-26.0,1001.3,amzn
2017-06-22,-173.0,153.4,fb
2017-06-22,-175.0,153.4,fb
2017-06-22,-182.0,145.63,aapl
2017-06-22,-185.0,145.63,aapl
2017-06-22,-27.0,976.62,googl
2017-06-22,-27.0,976.62,googl
2017-06-23,174.0,158.03,nflx
2017-06-23,170.0,158.03,nflx
2017-06-23,26.0,1003.74,amzn
2017-06-23,26.0,1003.74,amzn
2017-06-23,175.0,155.07,fb
2017-06-23,173.0,155.07,fb
2017-06-23,185.0,146.35,aapl
2017-06-23,184.0,146.35,aapl
2017-06-23,27.0,986.09,googl
2017-06-23,27.0,986.09,googl
2017-06-26,-170.0,157.5,nflx
2017-06-26,-172.0,157.5,nflx
2017-06-26,-26.0,993.98,amzn
2017-06-26,-27.0,993.98,amzn
2017-06-26,-173.0,153.59,fb
2017-06-26,-177.0,153.59,fb
2017-06-26,-184.0,145.82,aapl
2017-06-26,-186.0,145.82,aapl
2017-06-26,-27.0,972.09,googl
2017-06-26,-27.0,972.09,googl
2017-06-28,172.0,153.41,nflx
2017-06-28,171.0,153.41,nflx
2017-06-28,27.0,990.33,amzn
2017-06-28,26.0,990.33,amzn
2017-06-28,177.0,153.24,fb
2017-06-28,171.0,153.24,fb
2017-06-28,186.0,145.83,aapl
2017-06-28,180.0,145.83,aapl
2017-06-28,27.0,961.01,googl
2017-06-28,27.0,961.01,googl
2017-06-29,-171.0,150.09,nflx
2017-06-29,-178.0,150.09,nflx
2017-06-29,-26.0,975.93,amzn
2017-06-29,-27.0,975.93,amzn
2017-06-29,-171.0,151.04,fb
2017-06-29,-177.0,151.04,fb
2017-06-29,-180.0,143.68,aapl
2017-06-29,-186.0,143.68,aapl
2017-06-29,-27.0,937.82,googl
2017-06-29,-28.0,937.82,googl
2017-06-30,186.0,144.02,aapl
2017-06-30,182.0,144.02,aapl
2017-07-03,-182.0,143.5,aapl
2017-07-03,-182.0,143.5,aapl
2017-07-05,178.0,147.61,nflx
2017-07-05,174.0,147.61,nflx
2017-07-05,27.0,971.4,amzn
2017-07-05,26.0,971.4,amzn
2017-07-05,177.0,150.34,fb
2017-07-05,171.0,150.34,fb
2017-07-05,182.0,144.09,aapl
2017-07-05,179.0,144.09,aapl
2017-07-05,28.0,932.26,googl
2017-07-05,27.0,932.26,googl
2017-07-06,-174.0,146.25,nflx
2017-07-06,-178.0,146.25,nflx
2017-07-06,-26.0,965.14,amzn
2017-07-06,-27.0,965.14,amzn
2017-07-06,-171.0,148.82,fb
2017-07-06,-175.0,148.82,fb
2017-07-06,-179.0,142.73,aapl
2017-07-06,-183.0,142.73,aapl
2017-07-06,-27.0,927.69,googl
2017-07-06,-28.0,927.69,googl
2017-07-07,178.0,150.18,nflx
2017-07-07,172.0,150.18,nflx
2017-07-07,27.0,978.76,amzn
2017-07-07,26.0,978.76,amzn
2017-07-07,175.0,151.44,fb
2017-07-07,171.0,151.44,fb
2017-07-07,183.0,144.18,aapl
2017-07-07,179.0,144.18,aapl
2017-07-07,28.0,940.81,googl
2017-07-07,27.0,940.81,googl
2017-07-11,-26.0,994.13,amzn
2017-07-11,-26.0,994.13,amzn
2017-07-12,26.0,1006.51,amzn
2017-07-12,26.0,1006.51,amzn
2017-07-13,-172.0,158.17,nflx
2017-07-13,-172.0,158.17,nflx
2017-07-13,-26.0,999.855,amzn
2017-07-13,-27.0,999.855,amzn
2017-07-14,172.0,161.12,nflx
2017-07-14,169.0,161.12,nflx
2017-07-14,27.0,1001.81,amzn
2017-07-14,27.0,1001.81,amzn
2017-07-17,-171.0,159.73,fb
2017-07-17,-172.0,159.73,fb
2017-07-17,-27.0,975.96,googl
2017-07-17,-28.0,975.96,googl
2017-07-18,172.0,162.86,fb
2017-07-18,169.0,162.86,fb
2017-07-18,28.0,986.95,googl
2017-07-18,27.0,986.95,googl
2017-07-20,-169.0,183.6,nflx
2017-07-20,-156.0,183.6,nflx
2017-07-20,-179.0,150.34,aapl
2017-07-20,-190.0,150.34,aapl
2017-07-20,-27.0,992.19,googl
2017-07-20,-28.0,992.19,googl
2017-07-21,156.0,188.54,nflx
2017-07-21,152.0,188.54,nflx
2017-07-21,-27.0,1025.67,amzn
2017-07-21,-27.0,1025.67,amzn
2017-07-21,-169.0,164.43,fb
2017-07-21,-174.0,164.43,fb
2017-07-21,28.0,993.84,googl
2017-07-21,28.0,993.84,googl
2017-07-24,-152.0,187.91,nflx
2017-07-24,-153.0,187.91,nflx
2017-07-24,27.0,1038.95,amzn
2017-07-24,27.0,1038.95,amzn
2017-07-24,174.0,166.0,fb
2017-07-24,173.0,166.0,fb
2017-07-24,190.0,152.09,aapl
2017-07-24,189.0,152.09,aapl
2017-07-25,-173.0,165.28,fb
2017-07-25,-175.0,165.28,fb
2017-07-25,-28.0,969.03,googl
2017-07-25,-29.0,969.03,googl
2017-07-26,153.0,189.08,nflx
2017-07-26,152.0,189.08,nflx
2017-07-26,175.0,165.61,fb
2017-07-26,174.0,165.61,fb
2017-07-27,-152.0,182.68,nflx
2017-07-27,-158.0,182.68,nflx
2017-07-27,-27.0,1046.0,amzn
2017-07-27,-27.0,1046.0,amzn
2017-07-27,-189.0,150.56,aapl
2017-07-27,-192.0,150.56,aapl
2017-07-28,158.0,184.04,nflx
2017-07-28,156.0,184.04,nflx
2017-07-28,29.0,958.33,googl
2017-07-28,30.0,958.33,googl
2017-07-31,-156.0,181.66,nflx
2017-07-31,-158.0,181.66,nflx
2017-07-31,-174.0,169.25,fb
2017-07-31,-169.0,169.25,fb
2017-07-31,-30.0,945.5,googl
2017-07-31,-30.0,945.5,googl
2017-08-01,158.0,182.03,nflx
2017-08-01,155.0,182.03,nflx
2017-08-01,27.0,996.19,amzn
2017-08-01,28.0,996.19,amzn
2017-08-01,169.0,169.86,fb
2017-08-01,166.0,169.86,fb
2017-08-01,192.0,150.05,aapl
2017-08-01,188.0,150.05,aapl
2017-08-01,30.0,946.56,googl
2017-08-01,29.0,946.56,googl
2017-08-02,-155.0,180.74,nflx
2017-08-02,-157.0,180.74,nflx
2017-08-02,-28.0,995.89,amzn
2017-08-02,-28.0,995.89,amzn
2017-08-02,-166.0,169.25,fb
2017-08-02,-167.0,169.25,fb
2017-08-03,-188.0,155.57,aapl
2017-08-03,-183.0,155.57,aapl
2017-08-03,-29.0,940.3,googl
2017-08-03,-30.0,940.3,googl
2017-08-04,157.0,180.27,nflx
2017-08-04,157.0,180.27,nflx
2017-08-04,28.0,987.58,amzn
2017-08-04,28.0,987.58,amzn
2017-08-04,167.0,169.62,fb
2017-08-04,167.0,169.62,fb
2017-08-04,183.0,156.39,aapl
2017-08-04,181.0,156.39,aapl
2017-08-04,30.0,945.79,googl
2017-08-04,30.0,945.79,googl
2017-08-07,-30.0,945.75,googl
2017-08-07,-30.0,945.75,googl
2017-08-08,-157.0,178.36,nflx
2017-08-08,-160.0,178.36,nflx
2017-08-08,-167.0,171.23,fb
2017-08-08,-167.0,171.23,fb
2017-08-09,-28.0,982.01,amzn
2017-08-09,-29.0,982.01,amzn
2017-08-10,-181.0,155.27,aapl
2017-08-10,-183.0,155.27,aapl
2017-08-11,160.0,171.4,nflx
2017-08-11,161.0,171.4,nflx
2017-08-11,29.0,967.99,amzn
2017-08-11,28.0,967.99,amzn
2017-08-11,167.0,168.08,fb
2017-08-11,165.0,168.08,fb
2017-08-11,183.0,157.48,aapl
2017-08-11,176.0,157.48,aapl
2017-08-11,30.0,930.09,googl
2017-08-11,29.0,930.09,googl
2017-08-14,-161.0,171.0,nflx
2017-08-14,-163.0,171.0,nflx
2017-08-15,-28.0,982.74,amzn
2017-08-15,-28.0,982.74,amzn
2017-08-15,-29.0,938.08,googl
2017-08-15,-30.0,938.08,googl
2017-08-16,163.0,169.98,nflx
2017-08-16,166.0,169.98,nflx
2017-08-16,-165.0,170.0,fb
2017-08-16,-166.0,170.0,fb
2017-08-16,-176.0,160.95,aapl
2017-08-16,-175.0,160.95,aapl
2017-08-16,30.0,944.27,googl
2017-08-16,29.0,944.27,googl
2017-08-17,-166.0,166.09,nflx
2017-08-17,-170.0,166.09,nflx
2017-08-17,-29.0,927.66,googl
2017-08-17,-30.0,927.66,googl
2017-08-18,170.0,166.54,nflx
2017-08-18,166.0,166.54,nflx
2017-08-18,166.0,167.41,fb
2017-08-18,165.0,167.41,fb
2017-08-22,28.0,966.9,amzn
2017-08-22,28.0,966.9,amzn
2017-08-22,175.0,159.78,aapl
2017-08-22,173.0,159.78,aapl
2017-08-22,30.0,940.4,googl
2017-08-22,29.0,940.4,googl
2017-08-23,-166.0,169.06,nflx
2017-08-23,-166.0,169.06,nflx
2017-08-23,-28.0,958.0,amzn
2017-08-23,-29.0,958.0,amzn
2017-08-23,-165.0,168.71,fb
2017-08-23,-166.0,168.71,fb
2017-08-24,-173.0,159.27,aapl
2017-08-24,-176.0,159.27,aapl
2017-08-24,-29.0,936.89,googl
2017-08-24,-29.0,936.89,googl
2017-08-25,176.0,159.86,aapl
2017-08-25,174.0,159.86,aapl
2017-08-28,166.0,167.12,nflx
2017-08-28,165.0,167.12,nflx
2017-08-28,29.0,946.02,amzn
2017-08-28,29.0,946.02,amzn
2017-08-28,166.0,167.24,fb
2017-08-28,165.0,167.24,fb
2017-08-29,29.0,935.75,googl
2017-08-29,29.0,935.75,googl
2017-09-01,-29.0,978.25,amzn
2017-09-01,-29.0,978.25,amzn
2017-09-01,-29.0,951.99,googl
2017-09-01,-30.0,951.99,googl
2017-09-05,-165.0,174.52,nflx
2017-09-05,-164.0,174.52,nflx
2017-09-05,-165.0,170.72,fb
2017-09-05,-167.0,170.72,fb
2017-09-05,-174.0,162.08,aapl
2017-09-05,-176.0,162.08,aapl
2017-09-06,164.0,179.25,nflx
2017-09-06,158.0,179.25,nflx
2017-09-06,29.0,967.8,amzn
2017-09-06,29.0,967.8,amzn
2017-09-06,167.0,172.09,fb
2017-09-06,165.0,172.09,fb
2017-09-06,30.0,942.02,googl
2017-09-06,30.0,942.02,googl
2017-09-07,-158.0,179.0,nflx
2017-09-07,-159.0,179.0,nflx
2017-09-08,-29.0,965.9,amzn
2017-09-08,-29.0,965.9,amzn
2017-09-08,-165.0,170.95,fb
2017-09-08,-168.0,170.95,fb
2017-09-08,-30.0,941.41,googl
2017-09-08,-30.0,941.41,googl
2017-09-11,159.0,181.74,nflx
2017-09-11,156.0,181.74,nflx
2017-09-11,29.0,977.96,amzn
2017-09-11,29.0,977.96,amzn
2017-09-11,168.0,173.51,fb
2017-09-11,163.0,173.51,fb
2017-09-11,176.0,161.5,aapl
2017-09-11,175.0,161.5,aapl
2017-09-11,30.0,943.29,googl
2017-09-11,30.0,943.29,googl
2017-09-12,-163.0,172.96,fb
2017-09-12,-166.0,172.96,fb
2017-09-12,-175.0,160.82,aapl
2017-09-12,-179.0,160.82,aapl
2017-09-13,-156.0,183.64,nflx
2017-09-13,-157.0,183.64,nflx
2017-09-13,166.0,173.05,fb
2017-09-13,167.0,173.05,fb
2017-09-14,-29.0,992.21,amzn
2017-09-14,-29.0,992.21,amzn
2017-09-14,-167.0,170.96,fb
2017-09-14,-169.0,170.96,fb
2017-09-14,-30.0,940.13,googl
2017-09-14,-30.0,940.13,googl
2017-09-15,169.0,171.58,fb
2017-09-15,167.0,171.58,fb
2017-09-15,179.0,159.88,aapl
2017-09-15,179.0,159.88,aapl
2017-09-18,157.0,184.62,nflx
2017-09-18,155.0,184.62,nflx
2017-09-18,-167.0,170.01,fb
2017-09-18,-168.0,170.01,fb
2017-09-18,-179.0,158.67,aapl
2017-09-18,-180.0,158.67,aapl
2017-09-19,168.0,172.52,fb
2017-09-19,165.0,172.52,fb
2017-09-19,180.0,158.73,aapl
2017-09-19,180.0,158.73,aapl
2017-09-19,30.0,936.86,googl
2017-09-19,30.0,936.86,googl
2017-09-20,-155.0,185.51,nflx
2017-09-20,-154.0,185.51,nflx
2017-09-20,29.0,973.21,amzn
2017-09-20,29.0,973.21,amzn
2017-09-20,-165.0,172.17,fb
2017-09-20,-166.0,172.17,fb
2017-09-20,-180.0,156.07,aapl
2017-09-20,-184.0,156.07,aapl
2017-09-21,154.0,188.78,nflx
2017-09-21,151.0,188.78,nflx
2017-09-21,-29.0,964.65,amzn
2017-09-21,-29.0,964.65,amzn
2017-09-22,-151.0,187.35,nflx
2017-09-22,-152.0,187.35,nflx
2017-09-22,-30.0,943.26,googl
2017-09-22,-30.0,943.26,googl
2017-09-26,152.0,179.38,nflx
2017-09-26,154.0,179.38,nflx
2017-09-26,166.0,164.21,fb
2017-09-26,168.0,164.21,fb
2017-09-26,184.0,153.14,aapl
2017-09-26,180.0,153.14,aapl
2017-09-26,30.0,937.43,googl
2017-09-26,29.0,937.43,googl
2017-09-27,29.0,950.87,amzn
2017-09-27,29.0,950.87,amzn
2017-09-28,-154.0,180.7,nflx
2017-09-28,-156.0,180.7,nflx
2017-09-28,-180.0,153.28,aapl
2017-09-28,-184.0,153.28,aapl
2017-09-29,156.0,181.35,nflx
2017-09-29,156.0,181.35,nflx
2017-09-29,184.0,154.12,aapl
2017-09-29,183.0,154.12,aapl
2017-10-02,-156.0,177.01,nflx
2017-10-02,-161.0,177.01,nflx
2017-10-02,-29.0,959.19,amzn
2017-10-02,-29.0,959.19,amzn
2017-10-02,-168.0,169.47,fb
2017-10-02,-168.0,169.47,fb
2017-10-02,-183.0,153.81,aapl
2017-10-02,-185.0,153.81,aapl
2017-10-02,-29.0,967.47,googl
2017-10-02,-29.0,967.47,googl
2017-10-03,161.0,179.19,nflx
2017-10-03,157.0,179.19,nflx
2017-10-03,168.0,169.96,fb
2017-10-03,166.0,169.96,fb
2017-10-03,185.0,154.48,aapl
2017-10-03,183.0,154.48,aapl
2017-10-03,29.0,972.08,googl
2017-10-03,29.0,972.08,googl
2017-10-04,29.0,965.45,amzn
2017-10-04,29.0,965.45,amzn
2017-10-04,-166.0,168.42,fb
2017-10-04,-168.0,168.42,fb
2017-10-04,-183.0,153.4508,aapl
2017-10-04,-185.0,153.4508,aapl
2017-10-04,-29.0,966.78,googl
2017-10-04,-29.0,966.78,googl
2017-10-05,168.0,171.24,fb
2017-10-05,166.0,171.24,fb
2017-10-05,185.0,155.39,aapl
2017-10-05,183.0,155.39,aapl
2017-10-05,29.0,985.19,googl
2017-10-05,28.0,985.19,googl
2017-10-06,-183.0,155.3,aapl
2017-10-06,-187.0,155.3,aapl
2017-10-09,-157.0,196.87,nflx
2017-10-09,-149.0,196.87,nflx
2017-10-09,187.0,155.84,aapl
2017-10-09,188.0,155.84,aapl
2017-10-09,-28.0,992.31,googl
2017-10-09,-29.0,992.31,googl
2017-10-10,-29.0,987.2,amzn
2017-10-10,-29.0,987.2,amzn
2017-10-10,-166.0,171.59,fb
2017-10-10,-171.0,171.59,fb
2017-10-11,29.0,995.0,amzn
2017-10-11,29.0,995.0,amzn
2017-10-11,171.0,172.74,fb
2017-10-11,169.0,172.74,fb
2017-10-11,29.0,1005.65,googl
2017-10-11,29.0,1005.65,googl
2017-10-12,149.0,195.86,nflx
2017-10-12,150.0,195.86,nflx
2017-10-12,-169.0,172.55,fb
2017-10-12,-170.0,172.55,fb
2017-10-12,-188.0,156.0,aapl
2017-10-12,-189.0,156.0,aapl
2017-10-13,170.0,173.74,fb
2017-10-13,170.0,173.74,fb
2017-10-13,189.0,156.99,aapl
2017-10-13,188.0,156.99,aapl
2017-10-17,-150.0,199.48,nflx
2017-10-17,-150.0,199.48,nflx
2017-10-18,-29.0,997.0,amzn
2017-10-18,-30.0,997.0,amzn
2017-10-18,-170.0,176.03,fb
2017-10-18,-170.0,176.03,fb
2017-10-18,-188.0,159.76,aapl
2017-10-18,-187.0,159.76,aapl
2017-10-19,-29.0,1001.84,googl
2017-10-19,-29.0,1001.84,googl
2017-10-20,170.0,174.98,fb
2017-10-20,168.0,174.98,fb
2017-10-20,187.0,156.16,aapl
2017-10-20,188.0,156.16,aapl
2017-10-20,29.0,1005.07,googl
2017-10-20,29.0,1005.07,googl
2017-10-23,-168.0,171.27,fb
2017-10-23,-172.0,171.27,fb
2017-10-23,-29.0,985.54,googl
2017-10-23,-29.0,985.54,googl
2017-10-24,150.0,196.02,nflx
2017-10-24,148.0,196.02,nflx
2017-10-24,30.0,975.9,amzn
2017-10-24,29.0,975.9,amzn
2017-10-24,172.0,171.8,fb
2017-10-24,169.0,171.8,fb
2017-10-24,29.0,988.49,googl
2017-10-24,29.0,988.49,googl
2017-10-25,-148.0,193.77,nflx
2017-10-25,-151.0,193.77,nflx
2017-10-25,-29.0,972.91,amzn
2017-10-25,-30.0,972.91,amzn
2017-10-25,-169.0,170.6,fb
2017-10-25,-171.0,170.6,fb
2017-10-25,-188.0,156.405,aapl
2017-10-25,-187.0,156.405,aapl
2017-10-26,151.0,195.21,nflx
2017-10-26,149.0,195.21,nflx
2017-10-26,171.0,170.63,fb
2017-10-26,170.0,170.63,fb
2017-10-26,187.0,157.41,aapl
2017-10-26,185.0,157.41,aapl
2017-10-26,-29.0,991.42,googl
2017-10-26,-29.0,991.42,googl
2017-10-27,30.0,1100.95,amzn
2017-10-27,26.0,1100.95,amzn
2017-10-27,29.0,1033.67,googl
2017-10-27,28.0,1033.67,googl
2017-10-30,-149.0,198.37,nflx
2017-10-30,-155.0,198.37,nflx
2017-10-30,-28.0,1033.13,googl
2017-10-30,-29.0,1033.13,googl
2017-10-31,-26.0,1105.28,amzn
2017-10-31,-28.0,1105.28,amzn
2017-11-01,155.0,198.0,nflx
2017-11-01,156.0,198.0,nflx
2017-11-01,-185.0,166.89,aapl
2017-11-01,-186.0,166.89,aapl
2017-11-01,29.0,1042.6,googl
2017-11-01,29.0,1042.6,googl
2017-11-02,-170.0,178.92,fb
2017-11-02,-174.0,178.92,fb
2017-11-02,186.0,168.11,aapl
2017-11-02,185.0,168.11,aapl
2017-11-03,28.0,1111.6,amzn
2017-11-03,27.0,1111.6,amzn
2017-11-06,174.0,180.17,fb
2017-11-06,174.0,180.17,fb
2017-11-06,-29.0,1042.68,googl
2017-11-06,-30.0,1042.68,googl
2017-11-07,-156.0,195.89,nflx
2017-11-07,-160.0,195.89,nflx
2017-11-07,30.0,1052.39,googl
2017-11-07,29.0,1052.39,googl
2017-11-09,-174.0,179.3,fb
2017-11-09,-175.0,179.3,fb
2017-11-09,-29.0,1047.72,googl
2017-11-09,-30.0,1047.72,googl
2017-11-10,-27.0,1125.35,amzn
2017-11-10,-27.0,1125.35,amzn
2017-11-10,-185.0,174.67,aapl
2017-11-10,-180.0,174.67,aapl
2017-11-13,160.0,195.08,nflx
2017-11-13,160.0,195.08,nflx
2017-11-13,27.0,1129.17,amzn
2017-11-13,27.0,1129.17,amzn
2017-11-13,175.0,178.77,fb
2017-11-13,174.0,178.77,fb
2017-11-14,-174.0,178.07,fb
2017-11-14,-176.0,178.07,fb
2017-11-14,30.0,1041.64,googl
2017-11-14,30.0,1041.64,googl
2017-11-15,-160.0,192.12,nflx
2017-11-15,-162.0,192.12,nflx
2017-11-15,-27.0,1126.69,amzn
2017-11-15,-27.0,1126.69,amzn
2017-11-15,-30.0,1036.41,googl
2017-11-15,-30.0,1036.41,googl
2017-11-16,162.0,195.51,nflx
2017-11-16,158.0,195.51,nflx
2017-11-16,27.0,1137.29,amzn
2017-11-16,27.0,1137.29,amzn
2017-11-16,176.0,179.59,fb
2017-11-16,172.0,179.59,fb
2017-11-16,180.0,171.1,aapl
2017-11-16,181.0,171.1,aapl
2017-11-16,30.0,1048.47,googl
2017-11-16,29.0,1048.47,googl
2017-11-17,-158.0,193.2,nflx
2017-11-17,-162.0,193.2,nflx
2017-11-17,-27.0,1129.88,amzn
2017-11-17,-27.0,1129.88,amzn
2017-11-17,-172.0,179.0,fb
2017-11-17,-175.0,179.0,fb
2017-11-17,-181.0,170.15,aapl
2017-11-17,-184.0,170.15,aapl
2017-11-17,-29.0,1035.89,googl
2017-11-17,-30.0,1035.89,googl
2017-11-20,162.0,194.1,nflx
2017-11-20,160.0,194.1,nflx
2017-11-21,27.0,1139.49,amzn
2017-11-21,27.0,1139.49,amzn
2017-11-21,175.0,181.86,fb
2017-11-21,171.0,181.86,fb
2017-11-21,184.0,173.14,aapl
2017-11-21,179.0,173.14,aapl
2017-11-21,30.0,1050.3,googl
2017-11-21,29.0,1050.3,googl
2017-11-22,-171.0,180.87,fb
2017-11-22,-174.0,180.87,fb
2017-11-24,-160.0,195.75,nflx
2017-11-24,-162.0,195.75,nflx
2017-11-24,174.0,182.78,fb
2017-11-24,173.0,182.78,fb
2017-11-27,-179.0,174.09,aapl
2017-11-27,-183.0,174.09,aapl
2017-11-28,162.0,199.18,nflx
2017-11-28,160.0,199.18,nflx
2017-11-28,-27.0,1193.6,amzn
2017-11-28,-26.0,1193.6,amzn
2017-11-28,-173.0,182.42,fb
2017-11-28,-175.0,182.42,fb
2017-11-28,-29.0,1063.29,googl
2017-11-28,-30.0,1063.29,googl
2017-11-29,-160.0,188.15,nflx
2017-11-29,-170.0,188.15,nflx
2017-11-30,26.0,1176.75,amzn
2017-11-30,26.0,1176.75,amzn
2017-11-30,175.0,177.18,fb
2017-11-30,174.0,177.18,fb
2017-11-30,183.0,171.85,aapl
2017-11-30,180.0,171.85,aapl
2017-12-01,-26.0,1162.35,amzn
2017-12-01,-26.0,1162.35,amzn
2017-12-01,-174.0,175.1,fb
2017-12-01,-178.0,175.1,fb
2017-12-01,-180.0,171.05,aapl
2017-12-01,-182.0,171.05,aapl
2017-12-05,170.0,184.21,nflx
2017-12-05,165.0,184.21,nflx
2017-12-05,26.0,1141.57,amzn
2017-12-05,26.0,1141.57,amzn
2017-12-05,178.0,172.83,fb
2017-12-05,176.0,172.83,fb
2017-12-05,30.0,1019.6,googl
2017-12-05,29.0,1019.6,googl
2017-12-07,-165.0,185.2,nflx
2017-12-07,-166.0,185.2,nflx
2017-12-07,182.0,169.452,aapl
2017-12-07,182.0,169.452,aapl
2017-12-08,166.0,188.54,nflx
2017-12-08,164.0,188.54,nflx
2017-12-08,-176.0,179.0,fb
2017-12-08,-173.0,179.0,fb
2017-12-08,-182.0,169.37,aapl
2017-12-08,-183.0,169.37,aapl
2017-12-11,-164.0,186.22,nflx
2017-12-11,-167.0,186.22,nflx
2017-12-11,173.0,179.04,fb
2017-12-11,174.0,179.04,fb
2017-12-11,183.0,172.67,aapl
2017-12-11,180.0,172.67,aapl
2017-12-12,-26.0,1165.08,amzn
2017-12-12,-26.0,1165.08,amzn
2017-12-12,-174.0,176.96,fb
2017-12-12,-176.0,176.96,fb
2017-12-12,-180.0,171.7,aapl
2017-12-12,-182.0,171.7,aapl
2017-12-12,-29.0,1048.77,googl
2017-12-12,-29.0,1048.77,googl
2017-12-13,167.0,187.86,nflx
2017-12-13,165.0,187.86,nflx
2017-12-13,176.0,178.3,fb
2017-12-13,174.0,178.3,fb
2017-12-13,182.0,172.27,aapl
2017-12-13,180.0,172.27,aapl
2017-12-13,29.0,1051.39,googl
2017-12-13,29.0,1051.39,googl
2017-12-14,26.0,1174.26,amzn
2017-12-14,26.0,1174.26,amzn
2017-12-14,-180.0,172.22,aapl
2017-12-14,-181.0,172.22,aapl
2017-12-15,181.0,173.87,aapl
2017-12-15,180.0,173.87,aapl
2017-12-19,-165.0,187.02,nflx
2017-12-19,-170.0,187.02,nflx
2017-12-19,-26.0,1187.38,amzn
2017-12-19,-26.0,1187.38,amzn
2017-12-19,-174.0,179.51,fb
2017-12-19,-177.0,179.51,fb
2017-12-19,-180.0,174.54,aapl
2017-12-19,-183.0,174.54,aapl
2017-12-19,-29.0,1079.78,googl
2017-12-19,-29.0,1079.78,googl
2017-12-20,170.0,188.82,nflx
2017-12-20,167.0,188.82,nflx
2017-12-21,-167.0,188.62,nflx
2017-12-21,-167.0,188.62,nflx
2017-12-21,183.0,175.01,aapl
2017-12-21,180.0,175.01,aapl
2017-12-22,167.0,189.94,nflx
2017-12-22,166.0,189.94,nflx
2017-12-26,-166.0,187.76,nflx
2017-12-26,-168.0,187.76,nflx
2017-12-26,26.0,1176.76,amzn
2017-12-26,26.0,1176.76,amzn
2017-12-26,-180.0,170.57,aapl
2017-12-26,-184.0,170.57,aapl
2017-12-27,177.0,177.62,fb
2017-12-27,176.0,177.62,fb
2017-12-27,184.0,170.6,aapl
2017-12-27,183.0,170.6,aapl
2017-12-28,168.0,192.71,nflx
2017-12-28,162.0,192.71,nflx
2017-12-29,-162.0,191.96,nflx
2017-12-29,-164.0,191.96,nflx
2017-12-29,-26.0,1169.47,amzn
2017-12-29,-26.0,1169.47,amzn
2017-12-29,-176.0,176.46,fb
2017-12-29,-178.0,176.46,fb
2017-12-29,-183.0,169.23,aapl
2017-12-29,-186.0,169.23,aapl
