date,name,order,quantity,price
2016-08-19,nflx,se,-1,95.87
2016-08-19,amzn,se,-1,757.31
2016-08-19,fb,se,-1,123.56
2016-08-19,aapl,le,1,109.36
2016-08-19,googl,se,-1,799.65
2016-08-22,amzn,sx,1,759.48
2016-08-22,amzn,le,1,759.48
2016-08-22,fb,sx,1,124.15
2016-08-22,fb,le,1,124.15
2016-08-22,aapl,lx,-1,108.51
2016-08-22,aapl,se,-1,108.51
2016-08-23,nflx,sx,1,95.94
2016-08-23,nflx,le,1,95.94
2016-08-23,aapl,sx,1,108.85
2016-08-23,aapl,le,1,108.85
2016-08-24,nflx,lx,-1,95.18
2016-08-24,nflx,se,-1,95.18
2016-08-24,amzn,lx,-1,757.25
2016-08-24,amzn,se,-1,757.25
2016-08-24,fb,lx,-1,123.48
2016-08-24,fb,se,-1,123.48
2016-08-24,aapl,lx,-1,108.03
2016-08-24,aapl,se,-1,108.03
2016-08-25,nflx,sx,1,97.32
2016-08-25,nflx,le,1,97.32
2016-08-25,amzn,sx,1,759.22
2016-08-25,amzn,le,1,759.22
2016-08-25,fb,sx,1,123.89
2016-08-25,fb,le,1,123.89
2016-08-26,googl,sx,1,793.22
2016-08-26,googl,le,1,793.22
2016-08-29,nflx,lx,-1,97.3
2016-08-29,nflx,se,-1,97.3
2016-08-30,nflx,sx,1,97.45
2016-08-30,nflx,le,1,97.45
2016-08-30,amzn,lx,-1,767.58
2016-08-30,amzn,se,-1,767.58
2016-08-30,fb,lx,-1,125.84
2016-08-30,fb,se,-1,125.84
2016-08-30,googl,lx,-1,791.92
2016-08-30,googl,se,-1,791.92
2016-08-31,amzn,sx,1,769.16
2016-08-31,amzn,le,1,769.16
2016-08-31,fb,sx,1,126.12
2016-08-31,fb,le,1,126.12
2016-08-31,aapl,sx,1,106.1
2016-08-31,aapl,le,1,106.1
2016-09-01,nflx,lx,-1,97.38
2016-09-01,nflx,se,-1,97.38
2016-09-01,googl,sx,1,791.4
2016-09-01,googl,le,1,791.4
2016-09-06,nflx,sx,1,100.09
2016-09-06,nflx,le,1,100.09
2016-09-06,aapl,lx,-1,107.7
2016-09-06,aapl,se,-1,107.7
2016-09-07,nflx,lx,-1,99.15
2016-09-07,nflx,se,-1,99.15
2016-09-07,amzn,lx,-1,784.48
2016-09-07,amzn,se,-1,784.48
2016-09-07,aapl,sx,1,108.36
2016-09-07,aapl,le,1,108.36
2016-09-07,googl,lx,-1,807.99
2016-09-07,googl,se,-1,807.99
2016-09-08,nflx,sx,1,99.66
2016-09-08,nflx,le,1,99.66
2016-09-08,fb,lx,-1,130.27
2016-09-08,fb,se,-1,130.27
2016-09-08,aapl,lx,-1,105.52
2016-09-08,aapl,se,-1,105.52
2016-09-09,nflx,lx,-1,96.5
2016-09-09,nflx,se,-1,96.5
2016-09-12,nflx,sx,1,99.05
2016-09-12,nflx,le,1,99.05
2016-09-12,amzn,sx,1,771.49
2016-09-12,amzn,le,1,771.49
2016-09-12,fb,sx,1,128.69
2016-09-12,fb,le,1,128.69
2016-09-12,aapl,sx,1,105.44
2016-09-12,aapl,le,1,105.44
2016-09-12,googl,sx,1,798.82
2016-09-12,googl,le,1,798.82
2016-09-13,nflx,lx,-1,96.09
2016-09-13,nflx,se,-1,96.09
2016-09-13,amzn,lx,-1,761.01
2016-09-13,amzn,se,-1,761.01
2016-09-13,fb,lx,-1,127.21
2016-09-13,fb,se,-1,127.21
2016-09-13,googl,lx,-1,788.72
2016-09-13,googl,se,-1,788.72
2016-09-14,nflx,sx,1,97.01
2016-09-14,nflx,le,1,97.01
2016-09-14,amzn,sx,1,761.09
2016-09-14,amzn,le,1,761.09
2016-09-14,fb,sx,1,127.77
2016-09-14,fb,le,1,127.77
2016-09-14,googl,sx,1,790.46
2016-09-14,googl,le,1,790.46
2016-09-16,aapl,lx,-1,114.92
2016-09-16,aapl,se,-1,114.92
2016-09-16,googl,lx,-1,797.97
2016-09-16,googl,se,-1,797.97
2016-09-19,nflx,lx,-1,98.06
2016-09-19,nflx,se,-1,98.06
2016-09-19,amzn,lx,-1,775.1
2016-09-19,amzn,se,-1,775.1
2016-09-19,fb,lx,-1,128.65
2016-09-19,fb,se,-1,128.65
2016-09-20,nflx,sx,1,98.25
2016-09-20,nflx,le,1,98.25
2016-09-20,amzn,sx,1,780.22
2016-09-20,amzn,le,1,780.22
2016-09-20,googl,sx,1,799.78
2016-09-20,googl,le,1,799.78
2016-09-21,nflx,lx,-1,94.88
2016-09-21,nflx,se,-1,94.88
2016-09-21,fb,sx,1,129.94
2016-09-21,fb,le,1,129.94
2016-09-22,nflx,sx,1,95.83
2016-09-22,nflx,le,1,95.83
2016-09-22,aapl,sx,1,114.62
2016-09-22,aapl,le,1,114.62
2016-09-23,fb,lx,-1,127.96
2016-09-23,fb,se,-1,127.96
2016-09-23,aapl,lx,-1,112.71
2016-09-23,aapl,se,-1,112.71
2016-09-23,googl,lx,-1,814.96
2016-09-23,googl,se,-1,814.96
2016-09-26,nflx,lx,-1,94.56
2016-09-26,nflx,se,-1,94.56
2016-09-26,amzn,lx,-1,799.16
2016-09-26,amzn,se,-1,799.16
2016-09-26,aapl,sx,1,112.88
2016-09-26,aapl,le,1,112.88
2016-09-27,nflx,sx,1,97.07
2016-09-27,nflx,le,1,97.07
2016-09-27,amzn,sx,1,816.11
2016-09-27,amzn,le,1,816.11
2016-09-27,fb,sx,1,128.69
2016-09-27,fb,le,1,128.69
2016-09-27,googl,sx,1,810.73
2016-09-27,googl,le,1,810.73
2016-09-28,googl,lx,-1,810.06
2016-09-28,googl,se,-1,810.06
2016-09-29,nflx,lx,-1,96.67
2016-09-29,nflx,se,-1,96.67
2016-09-29,fb,lx,-1,128.09
2016-09-29,fb,se,-1,128.09
2016-09-29,aapl,lx,-1,112.18
2016-09-29,aapl,se,-1,112.18
2016-09-30,nflx,sx,1,98.55
2016-09-30,nflx,le,1,98.55
2016-09-30,fb,sx,1,128.27
2016-09-30,fb,le,1,128.27
2016-09-30,aapl,sx,1,113.05
2016-09-30,aapl,le,1,113.05
2016-09-30,googl,sx,1,804.06
2016-09-30,googl,le,1,804.06
2016-10-03,amzn,lx,-1,836.74
2016-10-03,amzn,se,-1,836.74
2016-10-03,aapl,lx,-1,112.52
2016-10-03,aapl,se,-1,112.52
2016-10-03,googl,lx,-1,800.38
2016-10-03,googl,se,-1,800.38
2016-10-04,nflx,lx,-1,102.34
2016-10-04,nflx,se,-1,102.34
2016-10-04,fb,lx,-1,128.19
2016-10-04,fb,se,-1,128.19
2016-10-04,aapl,sx,1,113.0
2016-10-04,aapl,le,1,113.0
2016-10-04,googl,sx,1,802.79
2016-10-04,googl,le,1,802.79
2016-10-05,nflx,sx,1,106.28
2016-10-05,nflx,le,1,106.28
2016-10-05,amzn,sx,1,844.36
2016-10-05,amzn,le,1,844.36
2016-10-05,fb,sx,1,128.47
2016-10-05,fb,le,1,128.47
2016-10-05,googl,lx,-1,801.23
2016-10-05,googl,se,-1,801.23
2016-10-06,nflx,lx,-1,105.07
2016-10-06,nflx,se,-1,105.07
2016-10-06,amzn,lx,-1,841.66
2016-10-06,amzn,se,-1,841.66
2016-10-06,googl,sx,1,803.08
2016-10-06,googl,le,1,803.08
2016-10-07,googl,lx,-1,800.71
2016-10-07,googl,se,-1,800.71
2016-10-10,amzn,sx,1,841.71
2016-10-10,amzn,le,1,841.71
2016-10-10,googl,sx,1,814.17
2016-10-10,googl,le,1,814.17
2016-10-11,amzn,lx,-1,831.0
2016-10-11,amzn,se,-1,831.0
2016-10-11,fb,lx,-1,128.88
2016-10-11,fb,se,-1,128.88
2016-10-11,googl,lx,-1,809.57
2016-10-11,googl,se,-1,809.57
2016-10-12,amzn,sx,1,834.09
2016-10-12,amzn,le,1,834.09
2016-10-12,fb,sx,1,129.05
2016-10-12,fb,le,1,129.05
2016-10-12,googl,sx,1,811.77
2016-10-12,googl,le,1,811.77
2016-10-13,nflx,sx,1,100.23
2016-10-13,nflx,le,1,100.23
2016-10-13,amzn,lx,-1,829.28
2016-10-13,amzn,se,-1,829.28
2016-10-13,fb,lx,-1,127.82
2016-10-13,fb,se,-1,127.82
2016-10-13,aapl,lx,-1,116.98
2016-10-13,aapl,se,-1,116.98
2016-10-13,googl,lx,-1,804.08
2016-10-13,googl,se,-1,804.08
2016-10-14,fb,sx,1,127.88
2016-10-14,fb,le,1,127.88
2016-10-14,aapl,sx,1,117.63
2016-10-14,aapl,le,1,117.63
2016-10-14,googl,sx,1,804.6
2016-10-14,googl,le,1,804.6
2016-10-17,nflx,lx,-1,99.8
2016-10-17,nflx,se,-1,99.8
2016-10-17,fb,lx,-1,127.54
2016-10-17,fb,se,-1,127.54
2016-10-17,aapl,lx,-1,117.55
2016-10-17,aapl,se,-1,117.55
2016-10-18,nflx,sx,1,118.79
2016-10-18,nflx,le,1,118.79
2016-10-18,amzn,sx,1,817.65
2016-10-18,amzn,le,1,817.65
2016-10-18,fb,sx,1,128.57
2016-10-18,fb,le,1,128.57
2016-10-20,amzn,lx,-1,810.32
2016-10-20,amzn,se,-1,810.32
2016-10-20,fb,lx,-1,130.0
2016-10-20,fb,se,-1,130.0
2016-10-20,googl,lx,-1,821.63
2016-10-20,googl,se,-1,821.63
2016-10-21,amzn,sx,1,818.99
2016-10-21,amzn,le,1,818.99
2016-10-21,fb,sx,1,132.07
2016-10-21,fb,le,1,132.07
2016-10-21,googl,sx,1,824.06
2016-10-21,googl,le,1,824.06
2016-10-24,nflx,lx,-1,127.33
2016-10-24,nflx,se,-1,127.33
2016-10-24,aapl,sx,1,117.65
2016-10-24,aapl,le,1,117.65
2016-10-25,amzn,lx,-1,835.18
2016-10-25,amzn,se,-1,835.18
2016-10-25,fb,lx,-1,132.29
2016-10-25,fb,se,-1,132.29
2016-10-25,googl,lx,-1,828.55
2016-10-25,googl,se,-1,828.55
2016-10-26,nflx,sx,1,126.97
2016-10-26,nflx,le,1,126.97
2016-10-26,aapl,lx,-1,115.59
2016-10-26,aapl,se,-1,115.59
2016-10-27,nflx,lx,-1,126.47
2016-10-27,nflx,se,-1,126.47
2016-10-28,nflx,sx,1,126.57
2016-10-28,nflx,le,1,126.57
2016-10-28,fb,sx,1,131.29
2016-10-28,fb,le,1,131.29
2016-10-28,googl,sx,1,819.56
2016-10-28,googl,le,1,819.56
2016-10-31,nflx,lx,-1,124.87
2016-10-31,nflx,se,-1,124.87
2016-10-31,amzn,sx,1,789.82
2016-10-31,amzn,le,1,789.82
2016-10-31,fb,lx,-1,130.99
2016-10-31,fb,se,-1,130.99
2016-10-31,googl,lx,-1,809.9
2016-10-31,googl,se,-1,809.9
2016-11-01,amzn,lx,-1,785.41
2016-11-01,amzn,se,-1,785.41
2016-11-02,aapl,sx,1,111.59
2016-11-02,aapl,le,1,111.59
2016-11-03,amzn,sx,1,767.03
2016-11-03,amzn,le,1,767.03
2016-11-03,aapl,lx,-1,109.83
2016-11-03,aapl,se,-1,109.83
2016-11-04,amzn,lx,-1,755.05
2016-11-04,amzn,se,-1,755.05
2016-11-04,fb,sx,1,120.75
2016-11-04,fb,le,1,120.75
2016-11-07,nflx,sx,1,124.58
2016-11-07,nflx,le,1,124.58
2016-11-07,amzn,sx,1,784.93
2016-11-07,amzn,le,1,784.93
2016-11-07,aapl,sx,1,110.41
2016-11-07,aapl,le,1,110.41
2016-11-07,googl,sx,1,802.03
2016-11-07,googl,le,1,802.03
2016-11-08,nflx,lx,-1,124.34
2016-11-08,nflx,se,-1,124.34
2016-11-09,amzn,lx,-1,771.88
2016-11-09,amzn,se,-1,771.88
2016-11-09,fb,lx,-1,123.18
2016-11-09,fb,se,-1,123.18
2016-11-09,aapl,lx,-1,110.88
2016-11-09,aapl,se,-1,110.88
2016-11-09,googl,lx,-1,805.59
2016-11-09,googl,se,-1,805.59
2016-11-11,aapl,sx,1,108.43
2016-11-11,aapl,le,1,108.43
2016-11-14,aapl,lx,-1,105.71
2016-11-14,aapl,se,-1,105.71
2016-11-15,nflx,sx,1,113.59
2016-11-15,nflx,le,1,113.59
2016-11-15,amzn,sx,1,743.24
2016-11-15,amzn,le,1,743.24
2016-11-15,fb,sx,1,117.2
2016-11-15,fb,le,1,117.2
2016-11-15,aapl,sx,1,107.11
2016-11-15,aapl,le,1,107.11
2016-11-15,googl,sx,1,775.16
2016-11-15,googl,le,1,775.16
2016-11-16,fb,lx,-1,116.34
2016-11-16,fb,se,-1,116.34
2016-11-17,nflx,lx,-1,115.03
2016-11-17,nflx,se,-1,115.03
2016-11-17,fb,sx,1,117.79
2016-11-17,fb,le,1,117.79
2016-11-17,aapl,lx,-1,109.95
2016-11-17,aapl,se,-1,109.95
2016-11-18,nflx,sx,1,115.21
2016-11-18,nflx,le,1,115.21
2016-11-18,fb,lx,-1,117.02
2016-11-18,fb,se,-1,117.02
2016-11-18,aapl,sx,1,110.06
2016-11-18,aapl,le,1,110.06
2016-11-18,googl,lx,-1,775.97
2016-11-18,googl,se,-1,775.97
2016-11-21,fb,sx,1,121.77
2016-11-21,fb,le,1,121.77
2016-11-21,googl,sx,1,784.8
2016-11-21,googl,le,1,784.8
2016-11-22,fb,lx,-1,121.47
2016-11-22,fb,se,-1,121.47
2016-11-23,nflx,lx,-1,117.69
2016-11-23,nflx,se,-1,117.69
2016-11-23,amzn,lx,-1,780.12
2016-11-23,amzn,se,-1,780.12
2016-11-23,aapl,lx,-1,111.23
2016-11-23,aapl,se,-1,111.23
2016-11-23,googl,lx,-1,779.0
2016-11-23,googl,se,-1,779.0
2016-11-25,amzn,sx,1,780.37
2016-11-25,amzn,le,1,780.37
2016-11-25,aapl,sx,1,111.79
2016-11-25,aapl,le,1,111.79
2016-11-25,googl,sx,1,780.23
2016-11-25,googl,le,1,780.23
2016-11-28,amzn,lx,-1,766.77
2016-11-28,amzn,se,-1,766.77
2016-11-28,fb,sx,1,120.41
2016-11-28,fb,le,1,120.41
2016-11-28,aapl,lx,-1,111.57
2016-11-28,aapl,se,-1,111.57
2016-11-29,nflx,sx,1,117.51
2016-11-29,nflx,le,1,117.51
2016-11-30,nflx,lx,-1,117.0
2016-11-30,nflx,se,-1,117.0
2016-11-30,fb,lx,-1,118.42
2016-11-30,fb,se,-1,118.42
2016-11-30,googl,lx,-1,775.88
2016-11-30,googl,se,-1,775.88
2016-12-01,nflx,sx,1,117.22
2016-12-01,nflx,le,1,117.22
2016-12-02,fb,sx,1,115.4
2016-12-02,fb,le,1,115.4
2016-12-02,aapl,sx,1,109.9
2016-12-02,aapl,le,1,109.9
2016-12-02,googl,sx,1,764.46
2016-12-02,googl,le,1,764.46
2016-12-05,nflx,lx,-1,119.16
2016-12-05,nflx,se,-1,119.16
2016-12-05,amzn,sx,1,759.36
2016-12-05,amzn,le,1,759.36
2016-12-05,aapl,lx,-1,109.11
2016-12-05,aapl,se,-1,109.11
2016-12-06,nflx,sx,1,124.57
2016-12-06,nflx,le,1,124.57
2016-12-06,fb,lx,-1,117.31
2016-12-06,fb,se,-1,117.31
2016-12-06,aapl,sx,1,109.95
2016-12-06,aapl,le,1,109.95
2016-12-06,googl,lx,-1,776.18
2016-12-06,googl,se,-1,776.18
2016-12-07,fb,sx,1,117.95
2016-12-07,fb,le,1,117.95
2016-12-07,googl,sx,1,791.47
2016-12-07,googl,le,1,791.47
2016-12-08,nflx,lx,-1,123.24
2016-12-08,nflx,se,-1,123.24
2016-12-08,amzn,lx,-1,767.33
2016-12-08,amzn,se,-1,767.33
2016-12-09,amzn,sx,1,768.66
2016-12-09,amzn,le,1,768.66
2016-12-12,amzn,lx,-1,760.12
2016-12-12,amzn,se,-1,760.12
2016-12-12,fb,lx,-1,117.77
2016-12-12,fb,se,-1,117.77
2016-12-12,aapl,lx,-1,113.3
2016-12-12,aapl,se,-1,113.3
2016-12-12,googl,lx,-1,807.9
2016-12-12,googl,se,-1,807.9
2016-12-13,nflx,sx,1,123.78
2016-12-13,nflx,le,1,123.78
2016-12-13,amzn,sx,1,774.34
2016-12-13,amzn,le,1,774.34
2016-12-13,fb,sx,1,120.31
2016-12-13,fb,le,1,120.31
2016-12-13,aapl,sx,1,115.19
2016-12-13,aapl,le,1,115.19
2016-12-13,googl,sx,1,815.34
2016-12-13,googl,le,1,815.34
2016-12-14,nflx,lx,-1,123.44
2016-12-14,nflx,se,-1,123.44
2016-12-14,amzn,lx,-1,768.82
2016-12-14,amzn,se,-1,768.82
2016-12-14,fb,lx,-1,120.21
2016-12-14,fb,se,-1,120.21
2016-12-15,nflx,sx,1,125.0
2016-12-15,nflx,le,1,125.0
2016-12-15,fb,sx,1,120.57
2016-12-15,fb,le,1,120.57
2016-12-15,googl,lx,-1,815.65
2016-12-15,googl,se,-1,815.65
2016-12-16,nflx,lx,-1,124.22
2016-12-16,nflx,se,-1,124.22
2016-12-16,fb,lx,-1,119.87
2016-12-16,fb,se,-1,119.87
2016-12-19,nflx,sx,1,125.45
2016-12-19,nflx,le,1,125.45
2016-12-19,amzn,sx,1,766.0
2016-12-19,amzn,le,1,766.0
2016-12-19,googl,sx,1,812.5
2016-12-19,googl,le,1,812.5
2016-12-20,nflx,lx,-1,125.12
2016-12-20,nflx,se,-1,125.12
2016-12-21,nflx,sx,1,126.5
2016-12-21,nflx,le,1,126.5
2016-12-21,amzn,lx,-1,770.6
2016-12-21,amzn,se,-1,770.6
2016-12-21,googl,lx,-1,812.2
2016-12-21,googl,se,-1,812.2
2016-12-22,nflx,lx,-1,125.58
2016-12-22,nflx,se,-1,125.58
2016-12-22,aapl,lx,-1,116.29
2016-12-22,aapl,se,-1,116.29
2016-12-23,nflx,sx,1,125.59
2016-12-23,nflx,le,1,125.59
2016-12-23,aapl,sx,1,116.52
2016-12-23,aapl,le,1,116.52
2016-12-27,amzn,sx,1,771.4
2016-12-27,amzn,le,1,771.4
2016-12-27,fb,sx,1,118.01
2016-12-27,fb,le,1,118.01
2016-12-27,googl,sx,1,809.93
2016-12-27,googl,le,1,809.93
2016-12-28,nflx,lx,-1,125.89
2016-12-28,nflx,se,-1,125.89
2016-12-28,fb,lx,-1,116.92
2016-12-28,fb,se,-1,116.92
2016-12-28,aapl,lx,-1,116.76
2016-12-28,aapl,se,-1,116.76
2016-12-28,googl,lx,-1,804.57
2016-12-28,googl,se,-1,804.57
2016-12-29,amzn,lx,-1,765.15
2016-12-29,amzn,se,-1,765.15
2017-01-03,nflx,sx,1,127.49
2017-01-03,nflx,le,1,127.49
2017-01-03,amzn,sx,1,753.67
2017-01-03,amzn,le,1,753.67
2017-01-03,fb,sx,1,116.86
2017-01-03,fb,le,1,116.86
2017-01-03,aapl,sx,1,116.15
2017-01-03,aapl,le,1,116.15
2017-01-03,googl,sx,1,808.01
2017-01-03,googl,le,1,808.01
2017-01-04,aapl,lx,-1,116.02
2017-01-04,aapl,se,-1,116.02
2017-01-04,googl,lx,-1,807.77
2017-01-04,googl,se,-1,807.77
2017-01-05,aapl,sx,1,116.61
2017-01-05,aapl,le,1,116.61
2017-01-05,googl,sx,1,813.02
2017-01-05,googl,le,1,813.02
2017-01-06,nflx,lx,-1,131.07
2017-01-06,nflx,se,-1,131.07
2017-01-10,amzn,lx,-1,795.9
2017-01-10,amzn,se,-1,795.9
2017-01-10,fb,lx,-1,124.35
2017-01-10,fb,se,-1,124.35
2017-01-10,googl,lx,-1,826.01
2017-01-10,googl,se,-1,826.01
2017-01-11,nflx,sx,1,130.5
2017-01-11,nflx,le,1,130.5
2017-01-11,amzn,sx,1,799.02
2017-01-11,amzn,le,1,799.02
2017-01-11,fb,sx,1,126.09
2017-01-11,fb,le,1,126.09
2017-01-11,googl,sx,1,829.86
2017-01-11,googl,le,1,829.86
2017-01-12,nflx,lx,-1,129.18
2017-01-12,nflx,se,-1,129.18
2017-01-12,aapl,lx,-1,119.25
2017-01-12,aapl,se,-1,119.25
2017-01-12,googl,lx,-1,829.53
2017-01-12,googl,se,-1,829.53
2017-01-13,nflx,sx,1,133.7
2017-01-13,nflx,le,1,133.7
2017-01-13,googl,sx,1,830.94
2017-01-13,googl,le,1,830.94
2017-01-17,nflx,lx,-1,132.89
2017-01-17,nflx,se,-1,132.89
2017-01-17,amzn,lx,-1,809.72
2017-01-17,amzn,se,-1,809.72
2017-01-17,fb,lx,-1,127.87
2017-01-17,fb,se,-1,127.87
2017-01-17,aapl,sx,1,120.0
2017-01-17,aapl,le,1,120.0
2017-01-17,googl,lx,-1,827.46
2017-01-17,googl,se,-1,827.46
2017-01-18,nflx,sx,1,133.26
2017-01-18,nflx,le,1,133.26
2017-01-18,fb,sx,1,127.92
2017-01-18,fb,le,1,127.92
2017-01-18,aapl,lx,-1,119.99
2017-01-18,aapl,se,-1,119.99
2017-01-18,googl,sx,1,829.02
2017-01-18,googl,le,1,829.02
2017-01-19,amzn,sx,1,809.04
2017-01-19,amzn,le,1,809.04
2017-01-19,fb,lx,-1,127.55
2017-01-19,fb,se,-1,127.55
2017-01-19,googl,lx,-1,824.37
2017-01-19,googl,se,-1,824.37
2017-01-20,amzn,lx,-1,808.33
2017-01-20,amzn,se,-1,808.33
2017-01-20,aapl,sx,1,120.0
2017-01-20,aapl,le,1,120.0
2017-01-20,googl,sx,1,828.17
2017-01-20,googl,le,1,828.17
2017-01-23,nflx,lx,-1,137.39
2017-01-23,nflx,se,-1,137.39
2017-01-23,amzn,sx,1,817.88
2017-01-23,amzn,le,1,817.88
2017-01-23,fb,sx,1,128.93
2017-01-23,fb,le,1,128.93
2017-01-24,nflx,sx,1,140.11
2017-01-24,nflx,le,1,140.11
2017-01-24,aapl,lx,-1,119.97
2017-01-24,aapl,se,-1,119.97
2017-01-25,nflx,lx,-1,139.52
2017-01-25,nflx,se,-1,139.52
2017-01-25,aapl,sx,1,121.88
2017-01-25,aapl,le,1,121.88
2017-01-26,googl,lx,-1,856.98
2017-01-26,googl,se,-1,856.98
2017-01-27,nflx,sx,1,142.45
2017-01-27,nflx,le,1,142.45
2017-01-27,amzn,lx,-1,835.77
2017-01-27,amzn,se,-1,835.77
2017-01-27,fb,lx,-1,132.18
2017-01-27,fb,se,-1,132.18
2017-01-30,nflx,lx,-1,141.22
2017-01-30,nflx,se,-1,141.22
2017-01-30,aapl,lx,-1,121.63
2017-01-30,aapl,se,-1,121.63
2017-02-01,nflx,sx,1,140.78
2017-02-01,nflx,le,1,140.78
2017-02-01,amzn,sx,1,832.35
2017-02-01,amzn,le,1,832.35
2017-02-01,fb,sx,1,133.23
2017-02-01,fb,le,1,133.23
2017-02-01,aapl,sx,1,128.75
2017-02-01,aapl,le,1,128.75
2017-02-02,nflx,lx,-1,139.2
2017-02-02,nflx,se,-1,139.2
2017-02-02,fb,lx,-1,130.84
2017-02-02,fb,se,-1,130.84
2017-02-02,aapl,lx,-1,128.53
2017-02-02,aapl,se,-1,128.53
2017-02-02,googl,sx,1,818.26
2017-02-02,googl,le,1,818.26
2017-02-03,nflx,sx,1,140.25
2017-02-03,nflx,le,1,140.25
2017-02-03,amzn,lx,-1,810.2
2017-02-03,amzn,se,-1,810.2
2017-02-03,fb,sx,1,130.98
2017-02-03,fb,le,1,130.98
2017-02-03,aapl,sx,1,129.08
2017-02-03,aapl,le,1,129.08
2017-02-07,amzn,sx,1,812.5
2017-02-07,amzn,le,1,812.5
2017-02-07,fb,lx,-1,131.84
2017-02-07,fb,se,-1,131.84
2017-02-08,fb,sx,1,134.2
2017-02-08,fb,le,1,134.2
2017-02-09,nflx,lx,-1,144.14
2017-02-09,nflx,se,-1,144.14
2017-02-09,fb,lx,-1,134.14
2017-02-09,fb,se,-1,134.14
2017-02-10,nflx,sx,1,144.82
2017-02-10,nflx,le,1,144.82
2017-02-10,fb,sx,1,134.19
2017-02-10,fb,le,1,134.19
2017-02-10,aapl,lx,-1,132.12
2017-02-10,aapl,se,-1,132.12
2017-02-13,nflx,lx,-1,143.2
2017-02-13,nflx,se,-1,143.2
2017-02-13,fb,lx,-1,134.05
2017-02-13,fb,se,-1,134.05
2017-02-13,aapl,sx,1,133.29
2017-02-13,aapl,le,1,133.29
2017-02-14,amzn,lx,-1,836.39
2017-02-14,amzn,se,-1,836.39
2017-02-15,nflx,sx,1,142.27
2017-02-15,nflx,le,1,142.27
2017-02-15,amzn,sx,1,842.7
2017-02-15,amzn,le,1,842.7
2017-02-15,googl,lx,-1,837.32
2017-02-15,googl,se,-1,837.32
2017-02-16,nflx,lx,-1,142.01
2017-02-16,nflx,se,-1,142.01
2017-02-16,fb,sx,1,133.84
2017-02-16,fb,le,1,133.84
2017-02-16,aapl,lx,-1,135.345
2017-02-16,aapl,se,-1,135.345
2017-02-16,googl,sx,1,842.17
2017-02-16,googl,le,1,842.17
2017-02-17,nflx,sx,1,142.22
2017-02-17,nflx,le,1,142.22
2017-02-17,fb,lx,-1,133.53
2017-02-17,fb,se,-1,133.53
2017-02-17,aapl,sx,1,135.72
2017-02-17,aapl,le,1,135.72
2017-02-21,fb,sx,1,133.72
2017-02-21,fb,le,1,133.72
2017-02-22,amzn,lx,-1,855.61
2017-02-22,amzn,se,-1,855.61
2017-02-23,nflx,lx,-1,142.78
2017-02-23,nflx,se,-1,142.78
2017-02-23,fb,lx,-1,135.36
2017-02-23,fb,se,-1,135.36
2017-02-23,aapl,lx,-1,136.53
2017-02-23,aapl,se,-1,136.53
2017-02-23,googl,lx,-1,851.0
2017-02-23,googl,se,-1,851.0
2017-02-24,nflx,sx,1,143.25
2017-02-24,nflx,le,1,143.25
2017-02-24,fb,sx,1,135.44
2017-02-24,fb,le,1,135.44
2017-02-24,aapl,sx,1,136.66
2017-02-24,aapl,le,1,136.66
2017-02-27,amzn,sx,1,848.64
2017-02-27,amzn,le,1,848.64
2017-02-27,googl,sx,1,849.67
2017-02-27,googl,le,1,849.67
2017-02-28,nflx,lx,-1,142.13
2017-02-28,nflx,se,-1,142.13
2017-02-28,amzn,lx,-1,845.04
2017-02-28,amzn,se,-1,845.04
2017-02-28,fb,lx,-1,135.54
2017-02-28,fb,se,-1,135.54
2017-02-28,googl,lx,-1,844.93
2017-02-28,googl,se,-1,844.93
2017-03-01,nflx,sx,1,142.65
2017-03-01,nflx,le,1,142.65
2017-03-01,amzn,sx,1,853.08
2017-03-01,amzn,le,1,853.08
2017-03-01,fb,sx,1,137.42
2017-03-01,fb,le,1,137.42
2017-03-01,googl,sx,1,856.75
2017-03-01,googl,le,1,856.75
2017-03-02,nflx,lx,-1,139.53
2017-03-02,nflx,se,-1,139.53
2017-03-02,amzn,lx,-1,848.91
2017-03-02,amzn,se,-1,848.91
2017-03-02,fb,lx,-1,136.76
2017-03-02,fb,se,-1,136.76
2017-03-02,aapl,lx,-1,138.96
2017-03-02,aapl,se,-1,138.96
2017-03-02,googl,lx,-1,849.85
2017-03-02,googl,se,-1,849.85
2017-03-03,amzn,sx,1,849.88
2017-03-03,amzn,le,1,849.88
2017-03-03,fb,sx,1,137.17
2017-03-03,fb,le,1,137.17
2017-03-03,aapl,sx,1,139.78
2017-03-03,aapl,le,1,139.78
2017-03-06,nflx,sx,1,141.94
2017-03-06,nflx,le,1,141.94
2017-03-06,amzn,lx,-1,846.61
2017-03-06,amzn,se,-1,846.61
2017-03-06,aapl,lx,-1,139.34
2017-03-06,aapl,se,-1,139.34
2017-03-07,nflx,lx,-1,141.43
2017-03-07,nflx,se,-1,141.43
2017-03-07,fb,lx,-1,137.3
2017-03-07,fb,se,-1,137.3
2017-03-07,aapl,sx,1,139.52
2017-03-07,aapl,le,1,139.52
2017-03-07,googl,sx,1,851.15
2017-03-07,googl,le,1,851.15
2017-03-08,amzn,sx,1,850.5
2017-03-08,amzn,le,1,850.5
2017-03-08,fb,sx,1,137.72
2017-03-08,fb,le,1,137.72
2017-03-08,aapl,lx,-1,139.0
2017-03-08,aapl,se,-1,139.0
2017-03-09,nflx,sx,1,140.53
2017-03-09,nflx,le,1,140.53
2017-03-10,amzn,lx,-1,852.46
2017-03-10,amzn,se,-1,852.46
2017-03-10,aapl,sx,1,139.14
2017-03-10,aapl,le,1,139.14
2017-03-13,amzn,sx,1,854.59
2017-03-13,amzn,le,1,854.59
2017-03-14,nflx,lx,-1,143.19
2017-03-14,nflx,se,-1,143.19
2017-03-14,amzn,lx,-1,852.53
2017-03-14,amzn,se,-1,852.53
2017-03-14,fb,lx,-1,139.32
2017-03-14,fb,se,-1,139.32
2017-03-14,aapl,lx,-1,138.99
2017-03-14,aapl,se,-1,138.99
2017-03-15,nflx,sx,1,145.25
2017-03-15,nflx,le,1,145.25
2017-03-15,amzn,sx,1,852.97
2017-03-15,amzn,le,1,852.97
2017-03-15,fb,sx,1,139.72
2017-03-15,fb,le,1,139.72
2017-03-15,aapl,sx,1,140.46
2017-03-15,aapl,le,1,140.46
2017-03-16,nflx,lx,-1,144.39
2017-03-16,nflx,se,-1,144.39
2017-03-17,nflx,sx,1,145.11
2017-03-17,nflx,le,1,145.11
2017-03-17,amzn,lx,-1,852.31
2017-03-17,amzn,se,-1,852.31
2017-03-17,fb,lx,-1,139.84
2017-03-17,fb,se,-1,139.84
2017-03-17,aapl,lx,-1,139.99
2017-03-17,aapl,se,-1,139.99
2017-03-20,amzn,sx,1,856.97
2017-03-20,amzn,le,1,856.97
2017-03-20,fb,sx,1,139.94
2017-03-20,fb,le,1,139.94
2017-03-20,aapl,sx,1,141.46
2017-03-20,aapl,le,1,141.46
2017-03-20,googl,lx,-1,867.91
2017-03-20,googl,se,-1,867.91
2017-03-21,nflx,lx,-1,142.42
2017-03-21,nflx,se,-1,142.42
2017-03-21,amzn,lx,-1,843.2
2017-03-21,amzn,se,-1,843.2
2017-03-21,fb,lx,-1,138.51
2017-03-21,fb,se,-1,138.51
2017-03-21,aapl,lx,-1,139.84
2017-03-21,aapl,se,-1,139.84
2017-03-22,nflx,sx,1,142.65
2017-03-22,nflx,le,1,142.65
2017-03-22,amzn,sx,1,848.06
2017-03-22,amzn,le,1,848.06
2017-03-22,fb,sx,1,139.59
2017-03-22,fb,le,1,139.59
2017-03-22,aapl,sx,1,141.42
2017-03-22,aapl,le,1,141.42
2017-03-23,nflx,lx,-1,141.84
2017-03-23,nflx,se,-1,141.84
2017-03-23,amzn,lx,-1,847.38
2017-03-23,amzn,se,-1,847.38
2017-03-23,fb,lx,-1,139.53
2017-03-23,fb,se,-1,139.53
2017-03-23,aapl,lx,-1,140.92
2017-03-23,aapl,se,-1,140.92
2017-03-24,nflx,sx,1,142.02
2017-03-24,nflx,le,1,142.02
2017-03-24,fb,sx,1,140.34
2017-03-24,fb,le,1,140.34
2017-03-27,amzn,sx,1,846.82
2017-03-27,amzn,le,1,846.82
2017-03-27,fb,lx,-1,140.32
2017-03-27,fb,se,-1,140.32
2017-03-27,aapl,sx,1,140.88
2017-03-27,aapl,le,1,140.88
2017-03-27,googl,sx,1,838.51
2017-03-27,googl,le,1,838.51
2017-03-28,fb,sx,1,141.76
2017-03-28,fb,le,1,141.76
2017-03-30,fb,lx,-1,142.41
2017-03-30,fb,se,-1,142.41
2017-03-30,aapl,lx,-1,143.93
2017-03-30,aapl,se,-1,143.93
2017-03-30,googl,lx,-1,849.48
2017-03-30,googl,se,-1,849.48
2017-03-31,nflx,lx,-1,147.81
2017-03-31,nflx,se,-1,147.81
2017-04-03,fb,sx,1,142.28
2017-04-03,fb,le,1,142.28
2017-04-03,aapl,sx,1,143.7
2017-04-03,aapl,le,1,143.7
2017-04-03,googl,sx,1,856.75
2017-04-03,googl,le,1,856.75
2017-04-04,fb,lx,-1,141.73
2017-04-04,fb,se,-1,141.73
2017-04-04,googl,lx,-1,852.57
2017-04-04,googl,se,-1,852.57
2017-04-05,fb,sx,1,141.85
2017-04-05,fb,le,1,141.85
2017-04-05,aapl,lx,-1,144.02
2017-04-05,aapl,se,-1,144.02
2017-04-06,nflx,sx,1,143.74
2017-04-06,nflx,le,1,143.74
2017-04-06,amzn,lx,-1,898.28
2017-04-06,amzn,se,-1,898.28
2017-04-06,fb,lx,-1,141.17
2017-04-06,fb,se,-1,141.17
2017-04-07,nflx,lx,-1,143.11
2017-04-07,nflx,se,-1,143.11
2017-04-10,nflx,sx,1,143.85
2017-04-10,nflx,le,1,143.85
2017-04-10,amzn,sx,1,907.04
2017-04-10,amzn,le,1,907.04
2017-04-10,fb,sx,1,141.04
2017-04-10,fb,le,1,141.04
2017-04-11,amzn,lx,-1,902.36
2017-04-11,amzn,se,-1,902.36
2017-04-11,fb,lx,-1,139.92
2017-04-11,fb,se,-1,139.92
2017-04-12,nflx,lx,-1,143.83
2017-04-12,nflx,se,-1,143.83
2017-04-12,aapl,sx,1,141.8
2017-04-12,aapl,le,1,141.8
2017-04-12,googl,sx,1,841.46
2017-04-12,googl,le,1,841.46
2017-04-13,aapl,lx,-1,141.05
2017-04-13,aapl,se,-1,141.05
2017-04-13,googl,lx,-1,840.18
2017-04-13,googl,se,-1,840.18
2017-04-17,nflx,sx,1,147.25
2017-04-17,nflx,le,1,147.25
2017-04-17,amzn,sx,1,901.99
2017-04-17,amzn,le,1,901.99
2017-04-17,fb,sx,1,141.42
2017-04-17,fb,le,1,141.42
2017-04-17,aapl,sx,1,141.83
2017-04-17,aapl,le,1,141.83
2017-04-17,googl,sx,1,855.13
2017-04-17,googl,le,1,855.13
2017-04-18,nflx,lx,-1,143.36
2017-04-18,nflx,se,-1,143.36
2017-04-18,fb,lx,-1,140.96
2017-04-18,fb,se,-1,140.96
2017-04-18,aapl,lx,-1,141.2
2017-04-18,aapl,se,-1,141.2
2017-04-18,googl,lx,-1,853.99
2017-04-18,googl,se,-1,853.99
2017-04-19,amzn,lx,-1,899.2
2017-04-19,amzn,se,-1,899.2
2017-04-19,fb,sx,1,142.27
2017-04-19,fb,le,1,142.27
2017-04-19,googl,sx,1,856.51
2017-04-19,googl,le,1,856.51
2017-04-20,nflx,sx,1,141.18
2017-04-20,nflx,le,1,141.18
2017-04-20,amzn,sx,1,902.06
2017-04-20,amzn,le,1,902.06
2017-04-20,aapl,sx,1,142.44
2017-04-20,aapl,le,1,142.44
2017-04-21,amzn,lx,-1,898.53
2017-04-21,amzn,se,-1,898.53
2017-04-21,fb,lx,-1,143.68
2017-04-21,fb,se,-1,143.68
2017-04-21,aapl,lx,-1,142.27
2017-04-21,aapl,se,-1,142.27
2017-04-21,googl,lx,-1,858.95
2017-04-21,googl,se,-1,858.95
2017-04-24,amzn,sx,1,907.41
2017-04-24,amzn,le,1,907.41
2017-04-24,fb,sx,1,145.47
2017-04-24,fb,le,1,145.47
2017-04-24,aapl,sx,1,143.64
2017-04-24,aapl,le,1,143.64
2017-04-24,googl,sx,1,878.93
2017-04-24,googl,le,1,878.93
2017-04-26,nflx,lx,-1,150.17
2017-04-26,nflx,se,-1,150.17
2017-04-26,aapl,lx,-1,143.6508
2017-04-26,aapl,se,-1,143.6508
2017-04-27,nflx,sx,1,153.08
2017-04-27,nflx,le,1,153.08
2017-04-27,aapl,sx,1,143.79
2017-04-27,aapl,le,1,143.79
2017-04-28,nflx,lx,-1,152.2
2017-04-28,nflx,se,-1,152.2
2017-04-28,aapl,lx,-1,143.65
2017-04-28,aapl,se,-1,143.65
2017-05-01,nflx,sx,1,155.35
2017-05-01,nflx,le,1,155.35
2017-05-01,aapl,sx,1,146.6
2017-05-01,aapl,le,1,146.6
2017-05-02,amzn,lx,-1,946.68
2017-05-02,amzn,se,-1,946.68
2017-05-03,nflx,lx,-1,155.59
2017-05-03,nflx,se,-1,155.59
2017-05-03,fb,lx,-1,151.8
2017-05-03,fb,se,-1,151.8
2017-05-03,aapl,lx,-1,147.06
2017-05-03,aapl,se,-1,147.06
2017-05-04,nflx,sx,1,157.25
2017-05-04,nflx,le,1,157.25
2017-05-05,nflx,lx,-1,156.6
2017-05-05,nflx,se,-1,156.6
2017-05-05,aapl,sx,1,148.96
2017-05-05,aapl,le,1,148.96
2017-05-05,googl,lx,-1,950.28
2017-05-05,googl,se,-1,950.28
2017-05-08,amzn,sx,1,949.04
2017-05-08,amzn,le,1,949.04
2017-05-08,fb,sx,1,151.06
2017-05-08,fb,le,1,151.06
2017-05-08,googl,sx,1,958.69
2017-05-08,googl,le,1,958.69
2017-05-09,nflx,sx,1,157.46
2017-05-09,nflx,le,1,157.46
2017-05-09,fb,lx,-1,150.48
2017-05-09,fb,se,-1,150.48
2017-05-09,googl,lx,-1,956.71
2017-05-09,googl,se,-1,956.71
2017-05-10,amzn,lx,-1,948.95
2017-05-10,amzn,se,-1,948.95
2017-05-10,aapl,lx,-1,153.26
2017-05-10,aapl,se,-1,153.26
2017-05-11,nflx,lx,-1,158.54
2017-05-11,nflx,se,-1,158.54
2017-05-11,aapl,sx,1,153.95
2017-05-11,aapl,le,1,153.95
2017-05-11,googl,sx,1,955.89
2017-05-11,googl,le,1,955.89
2017-05-12,nflx,sx,1,160.81
2017-05-12,nflx,le,1,160.81
2017-05-12,amzn,sx,1,961.35
2017-05-12,amzn,le,1,961.35
2017-05-12,fb,sx,1,150.33
2017-05-12,fb,le,1,150.33
2017-05-12,googl,lx,-1,955.14
2017-05-12,googl,se,-1,955.14
2017-05-15,nflx,lx,-1,160.02
2017-05-15,nflx,se,-1,160.02
2017-05-15,amzn,lx,-1,957.97
2017-05-15,amzn,se,-1,957.97
2017-05-15,fb,lx,-1,150.19
2017-05-15,fb,se,-1,150.19
2017-05-15,aapl,lx,-1,155.7
2017-05-15,aapl,se,-1,155.7
2017-05-15,googl,sx,1,959.22
2017-05-15,googl,le,1,959.22
2017-05-16,amzn,sx,1,966.07
2017-05-16,amzn,le,1,966.07
2017-05-17,amzn,lx,-1,944.52
2017-05-17,amzn,se,-1,944.52
2017-05-17,googl,lx,-1,942.17
2017-05-17,googl,se,-1,942.17
2017-05-18,nflx,sx,1,155.7
2017-05-18,nflx,le,1,155.7
2017-05-18,amzn,sx,1,958.49
2017-05-18,amzn,le,1,958.49
2017-05-18,fb,sx,1,147.66
2017-05-18,fb,le,1,147.66
2017-05-18,aapl,sx,1,152.54
2017-05-18,aapl,le,1,152.54
2017-05-18,googl,sx,1,950.5
2017-05-18,googl,le,1,950.5
2017-05-23,fb,lx,-1,148.07
2017-05-23,fb,se,-1,148.07
2017-05-23,aapl,lx,-1,153.8
2017-05-23,aapl,se,-1,153.8
2017-05-24,nflx,lx,-1,157.75
2017-05-24,nflx,se,-1,157.75
2017-05-24,fb,sx,1,150.04
2017-05-24,fb,le,1,150.04
2017-05-25,nflx,sx,1,163.05
2017-05-25,nflx,le,1,163.05
2017-05-25,aapl,sx,1,153.87
2017-05-25,aapl,le,1,153.87
2017-05-26,nflx,lx,-1,162.43
2017-05-26,nflx,se,-1,162.43
2017-05-26,aapl,lx,-1,153.61
2017-05-26,aapl,se,-1,153.61
2017-05-30,nflx,sx,1,163.22
2017-05-30,nflx,le,1,163.22
2017-05-30,aapl,sx,1,153.67
2017-05-30,aapl,le,1,153.67
2017-05-31,nflx,lx,-1,163.07
2017-05-31,nflx,se,-1,163.07
2017-05-31,amzn,lx,-1,994.62
2017-05-31,amzn,se,-1,994.62
2017-05-31,fb,lx,-1,151.46
2017-05-31,fb,se,-1,151.46
2017-05-31,aapl,lx,-1,152.76
2017-05-31,aapl,se,-1,152.76
2017-05-31,googl,lx,-1,987.09
2017-05-31,googl,se,-1,987.09
2017-06-01,amzn,sx,1,995.95
2017-06-01,amzn,le,1,995.95
2017-06-01,fb,sx,1,151.53
2017-06-01,fb,le,1,151.53
2017-06-01,aapl,sx,1,153.18
2017-06-01,aapl,le,1,153.18
2017-06-01,googl,sx,1,988.29
2017-06-01,googl,le,1,988.29
2017-06-02,nflx,sx,1,165.18
2017-06-02,nflx,le,1,165.18
2017-06-05,nflx,lx,-1,165.06
2017-06-05,nflx,se,-1,165.06
2017-06-05,aapl,lx,-1,153.93
2017-06-05,aapl,se,-1,153.93
2017-06-06,nflx,sx,1,165.17
2017-06-06,nflx,le,1,165.17
2017-06-06,amzn,lx,-1,1002.97
2017-06-06,amzn,se,-1,1002.97
2017-06-06,fb,lx,-1,152.81
2017-06-06,fb,se,-1,152.81
2017-06-06,aapl,sx,1,154.45
2017-06-06,aapl,le,1,154.45
2017-06-06,googl,lx,-1,996.68
2017-06-06,googl,se,-1,996.68
2017-06-07,amzn,sx,1,1010.07
2017-06-07,amzn,le,1,1010.07
2017-06-07,fb,sx,1,153.12
2017-06-07,fb,le,1,153.12
2017-06-07,googl,sx,1,1001.59
2017-06-07,googl,le,1,1001.59
2017-06-08,amzn,lx,-1,1009.94
2017-06-08,amzn,se,-1,1009.94
2017-06-08,aapl,lx,-1,154.99
2017-06-08,aapl,se,-1,154.99
2017-06-09,nflx,lx,-1,158.03
2017-06-09,nflx,se,-1,158.03
2017-06-09,fb,lx,-1,149.63
2017-06-09,fb,se,-1,149.63
2017-06-09,googl,lx,-1,970.12
2017-06-09,googl,se,-1,970.12
2017-06-13,nflx,sx,1,152.72
2017-06-13,nflx,le,1,152.72
2017-06-13,amzn,sx,1,980.79
2017-06-13,amzn,le,1,980.79
2017-06-13,fb,sx,1,150.68
2017-06-13,fb,le,1,150.68
2017-06-13,aapl,sx,1,146.59
2017-06-13,aapl,le,1,146.59
2017-06-13,googl,sx,1,970.5
2017-06-13,googl,le,1,970.5
2017-06-14,nflx,lx,-1,152.2
2017-06-14,nflx,se,-1,152.2
2017-06-14,amzn,lx,-1,976.47
2017-06-14,amzn,se,-1,976.47
2017-06-14,fb,lx,-1,150.25
2017-06-14,fb,se,-1,150.25
2017-06-14,aapl,lx,-1,145.16
2017-06-14,aapl,se,-1,145.16
2017-06-14,googl,lx,-1,967.93
2017-06-14,googl,se,-1,967.93
2017-06-16,nflx,sx,1,152.38
2017-06-16,nflx,le,1,152.38
2017-06-16,amzn,sx,1,987.71
2017-06-16,amzn,le,1,987.71
2017-06-16,fb,sx,1,150.64
2017-06-16,fb,le,1,150.64
2017-06-19,aapl,sx,1,146.34
2017-06-19,aapl,le,1,146.34
2017-06-19,googl,sx,1,975.22
2017-06-19,googl,le,1,975.22
2017-06-20,nflx,lx,-1,152.05
2017-06-20,nflx,se,-1,152.05
2017-06-20,amzn,lx,-1,992.59
2017-06-20,amzn,se,-1,992.59
2017-06-20,fb,lx,-1,152.25
2017-06-20,fb,se,-1,152.25
2017-06-20,aapl,lx,-1,145.01
2017-06-20,aapl,se,-1,145.01
2017-06-20,googl,lx,-1,968.99
2017-06-20,googl,se,-1,968.99
2017-06-21,nflx,sx,1,155.03
2017-06-21,nflx,le,1,155.03
2017-06-21,amzn,sx,1,1002.23
2017-06-21,amzn,le,1,1002.23
2017-06-21,fb,sx,1,153.91
2017-06-21,fb,le,1,153.91
2017-06-21,aapl,sx,1,145.87
2017-06-21,aapl,le,1,145.87
2017-06-21,googl,sx,1,978.59
2017-06-21,googl,le,1,978.59
2017-06-22,nflx,lx,-1,154.89
2017-06-22,nflx,se,-1,154.89
2017-06-22,amzn,lx,-1,1001.3
2017-06-22,amzn,se,-1,1001.3
2017-06-22,fb,lx,-1,153.4
2017-06-22,fb,se,-1,153.4
2017-06-22,aapl,lx,-1,145.63
2017-06-22,aapl,se,-1,145.63
2017-06-22,googl,lx,-1,976.62
2017-06-22,googl,se,-1,976.62
2017-06-23,nflx,sx,1,158.03
2017-06-23,nflx,le,1,158.03
2017-06-23,amzn,sx,1,1003.74
2017-06-23,amzn,le,1,1003.74
2017-06-23,fb,sx,1,155.07
2017-06-23,fb,le,1,155.07
2017-06-23,aapl,sx,1,146.35
2017-06-23,aapl,le,1,146.35
2017-06-23,googl,sx,1,986.09
2017-06-23,googl,le,1,986.09
2017-06-26,nflx,lx,-1,157.5
2017-06-26,nflx,se,-1,157.5
2017-06-26,amzn,lx,-1,993.98
2017-06-26,amzn,se,-1,993.98
2017-06-26,fb,lx,-1,153.59
2017-06-26,fb,se,-1,153.59
2017-06-26,aapl,lx,-1,145.82
2017-06-26,aapl,se,-1,145.82
2017-06-26,googl,lx,-1,972.09
2017-06-26,googl,se,-1,972.09
2017-06-28,nflx,sx,1,153.41
2017-06-28,nflx,le,1,153.41
2017-06-28,amzn,sx,1,990.33
2017-06-28,amzn,le,1,990.33
2017-06-28,fb,sx,1,153.24
2017-06-28,fb,le,1,153.24
2017-06-28,aapl,sx,1,145.83
2017-06-28,aapl,le,1,145.83
2017-06-28,googl,sx,1,961.01
2017-06-28,googl,le,1,961.01
2017-06-29,nflx,lx,-1,150.09
2017-06-29,nflx,se,-1,150.09
2017-06-29,amzn,lx,-1,975.93
2017-06-29,amzn,se,-1,975.93
2017-06-29,fb,lx,-1,151.04
2017-06-29,fb,se,-1,151.04
2017-06-29,aapl,lx,-1,143.68
2017-06-29,aapl,se,-1,143.68
2017-06-29,googl,lx,-1,937.82
2017-06-29,googl,se,-1,937.82
2017-06-30,aapl,sx,1,144.02
2017-06-30,aapl,le,1,144.02
2017-07-03,aapl,lx,-1,143.5
2017-07-03,aapl,se,-1,143.5
2017-07-05,nflx,sx,1,147.61
2017-07-05,nflx,le,1,147.61
2017-07-05,amzn,sx,1,971.4
2017-07-05,amzn,le,1,971.4
2017-07-05,fb,sx,1,150.34
2017-07-05,fb,le,1,150.34
2017-07-05,aapl,sx,1,144.09
2017-07-05,aapl,le,1,144.09
2017-07-05,googl,sx,1,932.26
2017-07-05,googl,le,1,932.26
2017-07-06,nflx,lx,-1,146.25
2017-07-06,nflx,se,-1,146.25
2017-07-06,amzn,lx,-1,965.14
2017-07-06,amzn,se,-1,965.14
2017-07-06,fb,lx,-1,148.82
2017-07-06,fb,se,-1,148.82
2017-07-06,aapl,lx,-1,142.73
2017-07-06,aapl,se,-1,142.73
2017-07-06,googl,lx,-1,927.69
2017-07-06,googl,se,-1,927.69
2017-07-07,nflx,sx,1,150.18
2017-07-07,nflx,le,1,150.18
2017-07-07,amzn,sx,1,978.76
2017-07-07,amzn,le,1,978.76
2017-07-07,fb,sx,1,151.44
2017-07-07,fb,le,1,151.44
2017-07-07,aapl,sx,1,144.18
2017-07-07,aapl,le,1,144.18
2017-07-07,googl,sx,1,940.81
2017-07-07,googl,le,1,940.81
2017-07-11,amzn,lx,-1,994.13
2017-07-11,amzn,se,-1,994.13
2017-07-12,amzn,sx,1,1006.51
2017-07-12,amzn,le,1,1006.51
2017-07-13,nflx,lx,-1,158.17
2017-07-13,nflx,se,-1,158.17
2017-07-13,amzn,lx,-1,999.855
2017-07-13,amzn,se,-1,999.855
2017-07-14,nflx,sx,1,161.12
2017-07-14,nflx,le,1,161.12
2017-07-14,amzn,sx,1,1001.81
2017-07-14,amzn,le,1,1001.81
2017-07-17,fb,lx,-1,159.73
2017-07-17,fb,se,-1,159.73
2017-07-17,googl,lx,-1,975.96
2017-07-17,googl,se,-1,975.96
2017-07-18,fb,sx,1,162.86
2017-07-18,fb,le,1,162.86
2017-07-18,googl,sx,1,986.95
2017-07-18,googl,le,1,986.95
2017-07-20,nflx,lx,-1,183.6
2017-07-20,nflx,se,-1,183.6
2017-07-20,aapl,lx,-1,150.34
2017-07-20,aapl,se,-1,150.34
2017-07-20,googl,lx,-1,992.19
2017-07-20,googl,se,-1,992.19
2017-07-21,nflx,sx,1,188.54
2017-07-21,nflx,le,1,188.54
2017-07-21,amzn,lx,-1,1025.67
2017-07-21,amzn,se,-1,1025.67
2017-07-21,fb,lx,-1,164.43
2017-07-21,fb,se,-1,164.43
2017-07-21,googl,sx,1,993.84
2017-07-21,googl,le,1,993.84
2017-07-24,nflx,lx,-1,187.91
2017-07-24,nflx,se,-1,187.91
2017-07-24,amzn,sx,1,1038.95
2017-07-24,amzn,le,1,1038.95
2017-07-24,fb,sx,1,166.0
2017-07-24,fb,le,1,166.0
2017-07-24,aapl,sx,1,152.09
2017-07-24,aapl,le,1,152.09
2017-07-25,fb,lx,-1,165.28
2017-07-25,fb,se,-1,165.28
2017-07-25,googl,lx,-1,969.03
2017-07-25,googl,se,-1,969.03
2017-07-26,nflx,sx,1,189.08
2017-07-26,nflx,le,1,189.08
2017-07-26,fb,sx,1,165.61
2017-07-26,fb,le,1,165.61
2017-07-27,nflx,lx,-1,182.68
2017-07-27,nflx,se,-1,182.68
2017-07-27,amzn,lx,-1,1046.0
2017-07-27,amzn,se,-1,1046.0
2017-07-27,aapl,lx,-1,150.56
2017-07-27,aapl,se,-1,150.56
2017-07-28,nflx,sx,1,184.04
2017-07-28,nflx,le,1,184.04
2017-07-28,googl,sx,1,958.33
2017-07-28,googl,le,1,958.33
2017-07-31,nflx,lx,-1,181.66
2017-07-31,nflx,se,-1,181.66
2017-07-31,fb,lx,-1,169.25
2017-07-31,fb,se,-1,169.25
2017-07-31,googl,lx,-1,945.5
2017-07-31,googl,se,-1,945.5
2017-08-01,nflx,sx,1,182.03
2017-08-01,nflx,le,1,182.03
2017-08-01,amzn,sx,1,996.19
2017-08-01,amzn,le,1,996.19
2017-08-01,fb,sx,1,169.86
2017-08-01,fb,le,1,169.86
2017-08-01,aapl,sx,1,150.05
2017-08-01,aapl,le,1,150.05
2017-08-01,googl,sx,1,946.56
2017-08-01,googl,le,1,946.56
2017-08-02,nflx,lx,-1,180.74
2017-08-02,nflx,se,-1,180.74
2017-08-02,amzn,lx,-1,995.89
2017-08-02,amzn,se,-1,995.89
2017-08-02,fb,lx,-1,169.25
2017-08-02,fb,se,-1,169.25
2017-08-03,aapl,lx,-1,155.57
2017-08-03,aapl,se,-1,155.57
2017-08-03,googl,lx,-1,940.3
2017-08-03,googl,se,-1,940.3
2017-08-04,nflx,sx,1,180.27
2017-08-04,nflx,le,1,180.27
2017-08-04,amzn,sx,1,987.58
2017-08-04,amzn,le,1,987.58
2017-08-04,fb,sx,1,169.62
2017-08-04,fb,le,1,169.62
2017-08-04,aapl,sx,1,156.39
2017-08-04,aapl,le,1,156.39
2017-08-04,googl,sx,1,945.79
2017-08-04,googl,le,1,945.79
2017-08-07,googl,lx,-1,945.75
2017-08-07,googl,se,-1,945.75
2017-08-08,nflx,lx,-1,178.36
2017-08-08,nflx,se,-1,178.36
2017-08-08,fb,lx,-1,171.23
2017-08-08,fb,se,-1,171.23
2017-08-09,amzn,lx,-1,982.01
2017-08-09,amzn,se,-1,982.01
2017-08-10,aapl,lx,-1,155.27
2017-08-10,aapl,se,-1,155.27
2017-08-11,nflx,sx,1,171.4
2017-08-11,nflx,le,1,171.4
2017-08-11,amzn,sx,1,967.99
2017-08-11,amzn,le,1,967.99
2017-08-11,fb,sx,1,168.08
2017-08-11,fb,le,1,168.08
2017-08-11,aapl,sx,1,157.48
2017-08-11,aapl,le,1,157.48
2017-08-11,googl,sx,1,930.09
2017-08-11,googl,le,1,930.09
2017-08-14,nflx,lx,-1,171.0
2017-08-14,nflx,se,-1,171.0
2017-08-15,amzn,lx,-1,982.74
2017-08-15,amzn,se,-1,982.74
2017-08-15,googl,lx,-1,938.08
2017-08-15,googl,se,-1,938.08
2017-08-16,nflx,sx,1,169.98
2017-08-16,nflx,le,1,169.98
2017-08-16,fb,lx,-1,170.0
2017-08-16,fb,se,-1,170.0
2017-08-16,aapl,lx,-1,160.95
2017-08-16,aapl,se,-1,160.95
2017-08-16,googl,sx,1,944.27
2017-08-16,googl,le,1,944.27
2017-08-17,nflx,lx,-1,166.09
2017-08-17,nflx,se,-1,166.09
2017-08-17,googl,lx,-1,927.66
2017-08-17,googl,se,-1,927.66
2017-08-18,nflx,sx,1,166.54
2017-08-18,nflx,le,1,166.54
2017-08-18,fb,sx,1,167.41
2017-08-18,fb,le,1,167.41
2017-08-22,amzn,sx,1,966.9
2017-08-22,amzn,le,1,966.9
2017-08-22,aapl,sx,1,159.78
2017-08-22,aapl,le,1,159.78
2017-08-22,googl,sx,1,940.4
2017-08-22,googl,le,1,940.4
2017-08-23,nflx,lx,-1,169.06
2017-08-23,nflx,se,-1,169.06
2017-08-23,amzn,lx,-1,958.0
2017-08-23,amzn,se,-1,958.0
2017-08-23,fb,lx,-1,168.71
2017-08-23,fb,se,-1,168.71
2017-08-24,aapl,lx,-1,159.27
2017-08-24,aapl,se,-1,159.27
2017-08-24,googl,lx,-1,936.89
2017-08-24,googl,se,-1,936.89
2017-08-25,aapl,sx,1,159.86
2017-08-25,aapl,le,1,159.86
2017-08-28,nflx,sx,1,167.12
2017-08-28,nflx,le,1,167.12
2017-08-28,amzn,sx,1,946.02
2017-08-28,amzn,le,1,946.02
2017-08-28,fb,sx,1,167.24
2017-08-28,fb,le,1,167.24
2017-08-29,googl,sx,1,935.75
2017-08-29,googl,le,1,935.75
2017-09-01,amzn,lx,-1,978.25
2017-09-01,amzn,se,-1,978.25
2017-09-01,googl,lx,-1,951.99
2017-09-01,googl,se,-1,951.99
2017-09-05,nflx,lx,-1,174.52
2017-09-05,nflx,se,-1,174.52
2017-09-05,fb,lx,-1,170.72
2017-09-05,fb,se,-1,170.72
2017-09-05,aapl,lx,-1,162.08
2017-09-05,aapl,se,-1,162.08
2017-09-06,nflx,sx,1,179.25
2017-09-06,nflx,le,1,179.25
2017-09-06,amzn,sx,1,967.8
2017-09-06,amzn,le,1,967.8
2017-09-06,fb,sx,1,172.09
2017-09-06,fb,le,1,172.09
2017-09-06,googl,sx,1,942.02
2017-09-06,googl,le,1,942.02
2017-09-07,nflx,lx,-1,179.0
2017-09-07,nflx,se,-1,179.0
2017-09-08,amzn,lx,-1,965.9
2017-09-08,amzn,se,-1,965.9
2017-09-08,fb,lx,-1,170.95
2017-09-08,fb,se,-1,170.95
2017-09-08,googl,lx,-1,941.41
2017-09-08,googl,se,-1,941.41
2017-09-11,nflx,sx,1,181.74
2017-09-11,nflx,le,1,181.74
2017-09-11,amzn,sx,1,977.96
2017-09-11,amzn,le,1,977.96
2017-09-11,fb,sx,1,173.51
2017-09-11,fb,le,1,173.51
2017-09-11,aapl,sx,1,161.5
2017-09-11,aapl,le,1,161.5
2017-09-11,googl,sx,1,943.29
2017-09-11,googl,le,1,943.29
2017-09-12,fb,lx,-1,172.96
2017-09-12,fb,se,-1,172.96
2017-09-12,aapl,lx,-1,160.82
2017-09-12,aapl,se,-1,160.82
2017-09-13,nflx,lx,-1,183.64
2017-09-13,nflx,se,-1,183.64
2017-09-13,fb,sx,1,173.05
2017-09-13,fb,le,1,173.05
2017-09-14,amzn,lx,-1,992.21
2017-09-14,amzn,se,-1,992.21
2017-09-14,fb,lx,-1,170.96
2017-09-14,fb,se,-1,170.96
2017-09-14,googl,lx,-1,940.13
2017-09-14,googl,se,-1,940.13
2017-09-15,fb,sx,1,171.58
2017-09-15,fb,le,1,171.58
2017-09-15,aapl,sx,1,159.88
2017-09-15,aapl,le,1,159.88
2017-09-18,nflx,sx,1,184.62
2017-09-18,nflx,le,1,184.62
2017-09-18,fb,lx,-1,170.01
2017-09-18,fb,se,-1,170.01
2017-09-18,aapl,lx,-1,158.67
2017-09-18,aapl,se,-1,158.67
2017-09-19,fb,sx,1,172.52
2017-09-19,fb,le,1,172.52
2017-09-19,aapl,sx,1,158.73
2017-09-19,aapl,le,1,158.73
2017-09-19,googl,sx,1,936.86
2017-09-19,googl,le,1,936.86
2017-09-20,nflx,lx,-1,185.51
2017-09-20,nflx,se,-1,185.51
2017-09-20,amzn,sx,1,973.21
2017-09-20,amzn,le,1,973.21
2017-09-20,fb,lx,-1,172.17
2017-09-20,fb,se,-1,172.17
2017-09-20,aapl,lx,-1,156.07
2017-09-20,aapl,se,-1,156.07
2017-09-21,nflx,sx,1,188.78
2017-09-21,nflx,le,1,188.78
2017-09-21,amzn,lx,-1,964.65
2017-09-21,amzn,se,-1,964.65
2017-09-22,nflx,lx,-1,187.35
2017-09-22,nflx,se,-1,187.35
2017-09-22,googl,lx,-1,943.26
2017-09-22,googl,se,-1,943.26
2017-09-26,nflx,sx,1,179.38
2017-09-26,nflx,le,1,179.38
2017-09-26,fb,sx,1,164.21
2017-09-26,fb,le,1,164.21
2017-09-26,aapl,sx,1,153.14
2017-09-26,aapl,le,1,153.14
2017-09-26,googl,sx,1,937.43
2017-09-26,googl,le,1,937.43
2017-09-27,amzn,sx,1,950.87
2017-09-27,amzn,le,1,950.87
2017-09-28,nflx,lx,-1,180.7
2017-09-28,nflx,se,-1,180.7
2017-09-28,aapl,lx,-1,153.28
2017-09-28,aapl,se,-1,153.28
2017-09-29,nflx,sx,1,181.35
2017-09-29,nflx,le,1,181.35
2017-09-29,aapl,sx,1,154.12
2017-09-29,aapl,le,1,154.12
2017-10-02,nflx,lx,-1,177.01
2017-10-02,nflx,se,-1,177.01
2017-10-02,amzn,lx,-1,959.19
2017-10-02,amzn,se,-1,959.19
2017-10-02,fb,lx,-1,169.47
2017-10-02,fb,se,-1,169.47
2017-10-02,aapl,lx,-1,153.81
2017-10-02,aapl,se,-1,153.81
2017-10-02,googl,lx,-1,967.47
2017-10-02,googl,se,-1,967.47
2017-10-03,nflx,sx,1,179.19
2017-10-03,nflx,le,1,179.19
2017-10-03,fb,sx,1,169.96
2017-10-03,fb,le,1,169.96
2017-10-03,aapl,sx,1,154.48
2017-10-03,aapl,le,1,154.48
2017-10-03,googl,sx,1,972.08
2017-10-03,googl,le,1,972.08
2017-10-04,amzn,sx,1,965.45
2017-10-04,amzn,le,1,965.45
2017-10-04,fb,lx,-1,168.42
2017-10-04,fb,se,-1,168.42
2017-10-04,aapl,lx,-1,153.4508
2017-10-04,aapl,se,-1,153.4508
2017-10-04,googl,lx,-1,966.78
2017-10-04,googl,se,-1,966.78
2017-10-05,fb,sx,1,171.24
2017-10-05,fb,le,1,171.24
2017-10-05,aapl,sx,1,155.39
2017-10-05,aapl,le,1,155.39
2017-10-05,googl,sx,1,985.19
2017-10-05,googl,le,1,985.19
2017-10-06,aapl,lx,-1,155.3
2017-10-06,aapl,se,-1,155.3
2017-10-09,nflx,lx,-1,196.87
2017-10-09,nflx,se,-1,196.87
2017-10-09,aapl,sx,1,155.84
2017-10-09,aapl,le,1,155.84
2017-10-09,googl,lx,-1,992.31
2017-10-09,googl,se,-1,992.31
2017-10-10,amzn,lx,-1,987.2
2017-10-10,amzn,se,-1,987.2
2017-10-10,fb,lx,-1,171.59
2017-10-10,fb,se,-1,171.59
2017-10-11,amzn,sx,1,995.0
2017-10-11,amzn,le,1,995.0
2017-10-11,fb,sx,1,172.74
2017-10-11,fb,le,1,172.74
2017-10-11,googl,sx,1,1005.65
2017-10-11,googl,le,1,1005.65
2017-10-12,nflx,sx,1,195.86
2017-10-12,nflx,le,1,195.86
2017-10-12,fb,lx,-1,172.55
2017-10-12,fb,se,-1,172.55
2017-10-12,aapl,lx,-1,156.0
2017-10-12,aapl,se,-1,156.0
2017-10-13,fb,sx,1,173.74
2017-10-13,fb,le,1,173.74
2017-10-13,aapl,sx,1,156.99
2017-10-13,aapl,le,1,156.99
2017-10-17,nflx,lx,-1,199.48
2017-10-17,nflx,se,-1,199.48
2017-10-18,amzn,lx,-1,997.0
2017-10-18,amzn,se,-1,997.0
2017-10-18,fb,lx,-1,176.03
2017-10-18,fb,se,-1,176.03
2017-10-18,aapl,lx,-1,159.76
2017-10-18,aapl,se,-1,159.76
2017-10-19,googl,lx,-1,1001.84
2017-10-19,googl,se,-1,1001.84
2017-10-20,fb,sx,1,174.98
2017-10-20,fb,le,1,174.98
2017-10-20,aapl,sx,1,156.16
2017-10-20,aapl,le,1,156.16
2017-10-20,googl,sx,1,1005.07
2017-10-20,googl,le,1,1005.07
2017-10-23,fb,lx,-1,171.27
2017-10-23,fb,se,-1,171.27
2017-10-23,googl,lx,-1,985.54
2017-10-23,googl,se,-1,985.54
2017-10-24,nflx,sx,1,196.02
2017-10-24,nflx,le,1,196.02
2017-10-24,amzn,sx,1,975.9
2017-10-24,amzn,le,1,975.9
2017-10-24,fb,sx,1,171.8
2017-10-24,fb,le,1,171.8
2017-10-24,googl,sx,1,988.49
2017-10-24,googl,le,1,988.49
2017-10-25,nflx,lx,-1,193.77
2017-10-25,nflx,se,-1,193.77
2017-10-25,amzn,lx,-1,972.91
2017-10-25,amzn,se,-1,972.91
2017-10-25,fb,lx,-1,170.6
2017-10-25,fb,se,-1,170.6
2017-10-25,aapl,lx,-1,156.405
2017-10-25,aapl,se,-1,156.405
2017-10-26,nflx,sx,1,195.21
2017-10-26,nflx,le,1,195.21
2017-10-26,fb,sx,1,170.63
2017-10-26,fb,le,1,170.63
2017-10-26,aapl,sx,1,157.41
2017-10-26,aapl,le,1,157.41
2017-10-26,googl,lx,-1,991.42
2017-10-26,googl,se,-1,991.42
2017-10-27,amzn,sx,1,1100.95
2017-10-27,amzn,le,1,1100.95
2017-10-27,googl,sx,1,1033.67
2017-10-27,googl,le,1,1033.67
2017-10-30,nflx,lx,-1,198.37
2017-10-30,nflx,se,-1,198.37
2017-10-30,googl,lx,-1,1033.13
2017-10-30,googl,se,-1,1033.13
2017-10-31,amzn,lx,-1,1105.28
2017-10-31,amzn,se,-1,1105.28
2017-11-01,nflx,sx,1,198.0
2017-11-01,nflx,le,1,198.0
2017-11-01,aapl,lx,-1,166.89
2017-11-01,aapl,se,-1,166.89
2017-11-01,googl,sx,1,1042.6
2017-11-01,googl,le,1,1042.6
2017-11-02,fb,lx,-1,178.92
2017-11-02,fb,se,-1,178.92
2017-11-02,aapl,sx,1,168.11
2017-11-02,aapl,le,1,168.11
2017-11-03,amzn,sx,1,1111.6
2017-11-03,amzn,le,1,1111.6
2017-11-06,fb,sx,1,180.17
2017-11-06,fb,le,1,180.17
2017-11-06,googl,lx,-1,1042.68
2017-11-06,googl,se,-1,1042.68
2017-11-07,nflx,lx,-1,195.89
2017-11-07,nflx,se,-1,195.89
2017-11-07,googl,sx,1,1052.39
2017-11-07,googl,le,1,1052.39
2017-11-09,fb,lx,-1,179.3
2017-11-09,fb,se,-1,179.3
2017-11-09,googl,lx,-1,1047.72
2017-11-09,googl,se,-1,1047.72
2017-11-10,amzn,lx,-1,1125.35
2017-11-10,amzn,se,-1,1125.35
2017-11-10,aapl,lx,-1,174.67
2017-11-10,aapl,se,-1,174.67
2017-11-13,nflx,sx,1,195.08
2017-11-13,nflx,le,1,195.08
2017-11-13,amzn,sx,1,1129.17
2017-11-13,amzn,le,1,1129.17
2017-11-13,fb,sx,1,178.77
2017-11-13,fb,le,1,178.77
2017-11-14,fb,lx,-1,178.07
2017-11-14,fb,se,-1,178.07
2017-11-14,googl,sx,1,1041.64
2017-11-14,googl,le,1,1041.64
2017-11-15,nflx,lx,-1,192.12
2017-11-15,nflx,se,-1,192.12
2017-11-15,amzn,lx,-1,1126.69
2017-11-15,amzn,se,-1,1126.69
2017-11-15,googl,lx,-1,1036.41
2017-11-15,googl,se,-1,1036.41
2017-11-16,nflx,sx,1,195.51
2017-11-16,nflx,le,1,195.51
2017-11-16,amzn,sx,1,1137.29
2017-11-16,amzn,le,1,1137.29
2017-11-16,fb,sx,1,179.59
2017-11-16,fb,le,1,179.59
2017-11-16,aapl,sx,1,171.1
2017-11-16,aapl,le,1,171.1
2017-11-16,googl,sx,1,1048.47
2017-11-16,googl,le,1,1048.47
2017-11-17,nflx,lx,-1,193.2
2017-11-17,nflx,se,-1,193.2
2017-11-17,amzn,lx,-1,1129.88
2017-11-17,amzn,se,-1,1129.88
2017-11-17,fb,lx,-1,179.0
2017-11-17,fb,se,-1,179.0
2017-11-17,aapl,lx,-1,170.15
2017-11-17,aapl,se,-1,170.15
2017-11-17,googl,lx,-1,1035.89
2017-11-17,googl,se,-1,1035.89
2017-11-20,nflx,sx,1,194.1
2017-11-20,nflx,le,1,194.1
2017-11-21,amzn,sx,1,1139.49
2017-11-21,amzn,le,1,1139.49
2017-11-21,fb,sx,1,181.86
2017-11-21,fb,le,1,181.86
2017-11-21,aapl,sx,1,173.14
2017-11-21,aapl,le,1,173.14
2017-11-21,googl,sx,1,1050.3
2017-11-21,googl,le,1,1050.3
2017-11-22,fb,lx,-1,180.87
2017-11-22,fb,se,-1,180.87
2017-11-24,nflx,lx,-1,195.75
2017-11-24,nflx,se,-1,195.75
2017-11-24,fb,sx,1,182.78
2017-11-24,fb,le,1,182.78
2017-11-27,aapl,lx,-1,174.09
2017-11-27,aapl,se,-1,174.09
2017-11-28,nflx,sx,1,199.18
2017-11-28,nflx,le,1,199.18
2017-11-28,amzn,lx,-1,1193.6
2017-11-28,amzn,se,-1,1193.6
2017-11-28,fb,lx,-1,182.42
2017-11-28,fb,se,-1,182.42
2017-11-28,googl,lx,-1,1063.29
2017-11-28,googl,se,-1,1063.29
2017-11-29,nflx,lx,-1,188.15
2017-11-29,nflx,se,-1,188.15
2017-11-30,amzn,sx,1,1176.75
2017-11-30,amzn,le,1,1176.75
2017-11-30,fb,sx,1,177.18
2017-11-30,fb,le,1,177.18
2017-11-30,aapl,sx,1,171.85
2017-11-30,aapl,le,1,171.85
2017-12-01,amzn,lx,-1,1162.35
2017-12-01,amzn,se,-1,1162.35
2017-12-01,fb,lx,-1,175.1
2017-12-01,fb,se,-1,175.1
2017-12-01,aapl,lx,-1,171.05
2017-12-01,aapl,se,-1,171.05
2017-12-05,nflx,sx,1,184.21
2017-12-05,nflx,le,1,184.21
2017-12-05,amzn,sx,1,1141.57
2017-12-05,amzn,le,1,1141.57
2017-12-05,fb,sx,1,172.83
2017-12-05,fb,le,1,172.83
2017-12-05,googl,sx,1,1019.6
2017-12-05,googl,le,1,1019.6
2017-12-07,nflx,lx,-1,185.2
2017-12-07,nflx,se,-1,185.2
2017-12-07,aapl,sx,1,169.452
2017-12-07,aapl,le,1,169.452
2017-12-08,nflx,sx,1,188.54
2017-12-08,nflx,le,1,188.54
2017-12-08,fb,lx,-1,179.0
2017-12-08,fb,se,-1,179.0
2017-12-08,aapl,lx,-1,169.37
2017-12-08,aapl,se,-1,169.37
2017-12-11,nflx,lx,-1,186.22
2017-12-11,nflx,se,-1,186.22
2017-12-11,fb,sx,1,179.04
2017-12-11,fb,le,1,179.04
2017-12-11,aapl,sx,1,172.67
2017-12-11,aapl,le,1,172.67
2017-12-12,amzn,lx,-1,1165.08
2017-12-12,amzn,se,-1,1165.08
2017-12-12,fb,lx,-1,176.96
2017-12-12,fb,se,-1,176.96
2017-12-12,aapl,lx,-1,171.7
2017-12-12,aapl,se,-1,171.7
2017-12-12,googl,lx,-1,1048.77
2017-12-12,googl,se,-1,1048.77
2017-12-13,nflx,sx,1,187.86
2017-12-13,nflx,le,1,187.86
2017-12-13,fb,sx,1,178.3
2017-12-13,fb,le,1,178.3
2017-12-13,aapl,sx,1,172.27
2017-12-13,aapl,le,1,172.27
2017-12-13,googl,sx,1,1051.39
2017-12-13,googl,le,1,1051.39
2017-12-14,amzn,sx,1,1174.26
2017-12-14,amzn,le,1,1174.26
2017-12-14,aapl,lx,-1,172.22
2017-12-14,aapl,se,-1,172.22
2017-12-15,aapl,sx,1,173.87
2017-12-15,aapl,le,1,173.87
2017-12-19,nflx,lx,-1,187.02
2017-12-19,nflx,se,-1,187.02
2017-12-19,amzn,lx,-1,1187.38
2017-12-19,amzn,se,-1,1187.38
2017-12-19,fb,lx,-1,179.51
2017-12-19,fb,se,-1,179.51
2017-12-19,aapl,lx,-1,174.54
2017-12-19,aapl,se,-1,174.54
2017-12-19,googl,lx,-1,1079.78
2017-12-19,googl,se,-1,1079.78
2017-12-20,nflx,sx,1,188.82
2017-12-20,nflx,le,1,188.82
2017-12-21,nflx,lx,-1,188.62
2017-12-21,nflx,se,-1,188.62
2017-12-21,aapl,sx,1,175.01
2017-12-21,aapl,le,1,175.01
2017-12-22,nflx,sx,1,189.94
2017-12-22,nflx,le,1,189.94
2017-12-26,nflx,lx,-1,187.76
2017-12-26,nflx,se,-1,187.76
2017-12-26,amzn,sx,1,1176.76
2017-12-26,amzn,le,1,1176.76
2017-12-26,aapl,lx,-1,170.57
2017-12-26,aapl,se,-1,170.57
2017-12-27,fb,sx,1,177.62
2017-12-27,fb,le,1,177.62
2017-12-27,aapl,sx,1,170.6
2017-12-27,aapl,le,1,170.6
2017-12-28,nflx,sx,1,192.71
2017-12-28,nflx,le,1,192.71
2017-12-29,nflx,lx,-1,191.96
2017-12-29,nflx,se,-1,191.96
2017-12-29,amzn,lx,-1,1169.47
2017-12-29,amzn,se,-1,1169.47
2017-12-29,fb,lx,-1,176.46
2017-12-29,fb,se,-1,176.46
2017-12-29,aapl,lx,-1,169.23
2017-12-29,aapl,se,-1,169.23
